15.51,12.00,2.92,214.00,200.00,263.00,126.00,76.00,,Hello
5.95,5.61,5.00,212.00,196.00,263.00,126.00,80.00,,Hello
10.76,5.14,3.96,204.00,197.00,263.00,127.00,56.00,,Hello
-5.69,-4.38,3.22,207.00,196.00,263.00,127.00,83.00,,Hello
-4.36,-2.18,3.96,206.00,196.00,263.00,126.00,84.00,,Hello
-4.86,-3.54,2.77,207.00,196.00,263.00,126.00,85.00,,Hello
-0.80,0.00,2.62,207.00,196.00,261.00,125.00,56.00,,Hello
-2.16,-1.08,12.23,211.00,197.00,263.00,124.00,76.00,,Hello
0.00,1.04,7.97,209.00,196.00,263.00,124.00,75.00,,Hello
-7.48,-1.42,2.62,211.00,197.00,263.00,124.00,79.00,,Hello
-0.38,0.38,17.21,211.00,197.00,261.00,124.00,80.00,,Hello
0.00,0.77,11.06,212.00,197.00,263.00,124.00,80.00,,Hello
1.11,3.32,15.67,212.00,197.00,265.00,124.00,82.00,,Hello
2.14,3.93,2.62,214.00,197.00,263.00,124.00,83.00,,Hello
-1.78,3.55,12.23,212.00,196.00,265.00,124.00,82.00,,Hello
6.30,6.69,2.62,203.00,193.00,263.00,124.00,84.00,,Hello
15.52,7.48,5.00,203.00,193.00,263.00,124.00,84.00,,Hello
-3.58,-0.79,2.62,202.00,193.00,263.00,126.00,85.00,,Hello
16.27,11.15,8.71,202.00,190.00,263.00,129.00,83.00,,Hello
18.79,12.65,16.80,203.00,190.00,263.00,128.00,85.00,,Hello
31.20,10.66,3.22,203.00,192.00,263.00,128.00,87.00,,Hello
28.50,13.43,9.89,203.00,192.00,263.00,128.00,86.00,,Hello
19.77,9.35,14.53,204.00,192.00,263.00,128.00,90.00,,Hello
19.31,8.64,7.38,203.00,190.00,263.00,129.00,88.00,,Hello
-3.01,-0.43,6.34,203.00,190.00,263.00,129.00,86.00,,Hello
-7.45,-5.79,14.53,204.00,192.00,263.00,130.00,86.00,,Hello
0.43,-1.29,6.34,203.00,190.00,263.00,130.00,89.00,,Hello
37.52,5.14,2.62,209.00,193.00,162.00,139.00,105.00,,Hello
47.61,8.41,5.00,211.00,196.00,162.00,138.00,105.00,,Hello
37.52,5.14,2.62,209.00,193.00,162.00,139.00,105.00,,Hello
-17.70,-1.16,3.81,209.00,199.00,161.00,134.00,102.00,,Hello
13.16,8.06,3.81,209.00,197.00,161.00,134.00,101.00,,Hello
21.51,13.04,2.62,209.00,199.00,160.00,134.00,105.00,,Hello
23.07,12.12,2.62,209.00,197.00,162.00,133.00,103.00,,Hello
34.58,12.98,7.97,211.00,197.00,161.00,134.00,104.00,,Hello
41.18,12.26,12.08,211.00,199.00,161.00,135.00,104.00,,Hello
38.31,12.79,12.08,209.00,199.00,162.00,134.00,102.00,,Hello
47.59,11.17,5.00,209.00,199.00,162.00,133.00,104.00,,Hello
45.17,12.23,12.66,211.00,199.00,163.00,132.00,102.00,,Hello
47.39,10.85,12.08,211.00,199.00,162.00,132.00,105.00,,Hello
47.45,11.20,2.62,212.00,197.00,162.00,132.00,104.00,,Hello
37.41,12.34,12.08,212.00,197.00,163.00,132.00,104.00,,Hello
29.78,12.50,5.00,211.00,199.00,162.00,132.00,106.00,,Hello
31.39,12.47,3.22,209.00,199.00,163.00,132.00,104.00,,Hello
20.33,12.54,3.81,211.00,199.00,162.00,132.00,105.00,,Hello
15.21,9.44,7.38,209.00,199.00,163.00,132.00,104.00,,Hello
16.06,7.95,3.81,211.00,197.00,163.00,132.00,105.00,,Hello
-7.43,-1.23,7.38,209.00,199.00,160.00,132.00,107.00,,Hello
0.00,0.00,13.24,211.00,196.00,162.00,133.00,107.00,,Hello
0.00,3.95,7.38,211.00,199.00,162.00,133.00,107.00,,Hello
13.09,11.19,13.24,212.00,197.00,162.00,132.00,108.00,,Hello
10.44,10.44,2.62,211.00,196.00,162.00,133.00,106.00,,Hello
18.96,14.47,12.66,209.00,199.00,163.00,133.00,107.00,,Hello
29.15,13.05,12.66,209.00,199.00,161.00,133.00,108.00,,Hello
10.54,18.41,2.62,170.00,202.00,39.00,225.00,104.00,,Me
19.36,16.24,12.66,170.00,200.00,40.00,223.00,104.00,,Me
18.52,18.52,5.00,168.00,207.00,43.00,223.00,104.00,,Me
11.75,34.63,3.81,170.00,202.00,44.00,220.00,104.00,,Me
18.67,28.99,12.66,171.00,199.00,43.00,222.00,105.00,,Me
17.00,17.00,14.67,168.00,200.00,41.00,223.00,107.00,,Me
19.10,7.31,16.94,167.00,196.00,19.00,243.00,100.00,,Me
17.28,6.92,13.24,168.00,192.00,22.00,241.00,95.00,,Me
16.71,6.88,7.68,168.00,190.00,25.00,237.00,97.00,,Me
17.26,7.37,13.24,168.00,192.00,23.00,235.00,98.00,,Me
15.35,10.63,13.24,168.00,192.00,28.00,234.00,96.00,,Me
17.49,8.16,12.37,177.00,195.00,37.00,230.00,98.00,,Me
17.37,10.51,12.37,177.00,195.00,35.00,230.00,99.00,,Me
17.94,13.12,3.81,177.00,197.00,36.00,230.00,99.00,,Me
17.37,13.17,13.24,177.00,196.00,36.00,230.00,99.00,,Me
15.98,15.07,16.94,177.00,197.00,36.00,228.00,100.00,,Me
16.71,13.12,10.04,177.00,200.00,35.00,228.00,100.00,,Me
16.41,13.24,13.24,177.00,200.00,36.00,228.00,99.00,,Me
20.81,12.03,13.24,177.00,197.00,34.00,228.00,100.00,,Me
17.77,13.35,2.62,177.00,196.00,35.00,228.00,100.00,,Me
24.78,6.66,10.04,175.00,192.00,26.00,230.00,101.00,,Me
17.04,12.02,16.94,174.00,192.00,26.00,230.00,99.00,,Me
20.60,4.91,3.81,174.00,190.00,24.00,228.00,97.00,,Me
18.60,11.96,7.38,174.00,189.00,27.00,228.00,99.00,,Me
16.07,16.07,10.04,171.00,185.00,31.00,228.00,97.00,,Me
17.21,13.61,13.24,173.00,185.00,33.00,228.00,100.00,,Me
15.10,17.25,2.92,174.00,188.00,32.00,228.00,102.00,,Me
20.33,18.98,7.68,173.00,185.00,35.00,228.00,102.00,,Me
17.16,17.59,2.77,175.00,188.00,34.00,228.00,102.00,,Me
-0.92,-0.69,5.30,188.00,212.00,72.00,263.00,80.00,,Me
0.00,-0.68,3.81,189.00,207.00,72.00,263.00,81.00,,Me
0.00,-0.46,5.30,188.00,207.00,74.00,265.00,79.00,,Me
-0.46,-1.83,5.30,189.00,206.00,69.00,263.00,80.00,,Me
0.00,-4.99,3.81,189.00,200.00,69.00,269.00,78.00,,Me
-2.62,-7.66,3.22,189.00,199.00,69.00,269.00,79.00,,Me
-3.99,-9.11,2.69,189.00,199.00,71.00,267.00,80.00,,Me
1.60,5.28,6.27,188.00,200.00,70.00,265.00,84.00,,Me
2.09,7.70,13.24,189.00,199.00,72.00,263.00,83.00,,Me
2.10,7.73,15.03,188.00,200.00,71.00,265.00,83.00,,Me
0.94,7.09,18.95,189.00,199.00,69.00,263.00,80.00,,Me
1.77,5.99,273.96,188.00,196.00,66.00,263.00,80.00,,Me
2.46,6.26,2.69,187.00,197.00,67.00,263.00,80.00,,Me
2.03,4.97,3.29,188.00,195.00,74.00,261.00,82.00,,Me
1.31,4.38,273.96,189.00,199.00,74.00,261.00,82.00,,Me
0.65,2.38,273.96,190.00,197.00,75.00,261.00,83.00,,Me
1.95,3.25,5.00,188.00,202.00,72.00,261.00,83.00,,Me
-0.68,-1.58,3.29,189.00,203.00,72.00,261.00,85.00,,Me
-0.68,-0.91,3.81,189.00,199.00,70.00,259.00,86.00,,Me
-0.69,-1.84,6.27,189.00,202.00,70.00,261.00,85.00,,Me
0.00,-2.58,13.24,192.00,204.00,71.00,261.00,86.00,,Me
-0.47,-1.89,15.03,190.00,202.00,68.00,259.00,86.00,,Me
4.22,8.46,3.81,190.00,188.00,66.00,259.00,87.00,,Me
1.43,9.85,13.24,192.00,195.00,67.00,257.00,87.00,,Me
2.87,10.83,16.16,190.00,202.00,70.00,259.00,87.00,,Me
0.47,4.72,16.94,192.00,203.00,70.00,259.00,87.00,,Me
2.34,4.68,13.24,193.00,199.00,70.00,259.00,87.00,,Me
-5.14,3.97,13.24,190.00,190.00,67.00,265.00,87.00,,Me
-0.52,1.56,3.81,195.00,190.00,67.00,263.00,87.00,,Me
-10.21,-1.52,12.37,222.00,204.00,265.00,130.00,139.00,,Father
-14.66,-0.52,19.15,222.00,204.00,263.00,131.00,129.00,,Father
-10.21,-1.52,12.37,222.00,204.00,265.00,130.00,139.00,,Father
-14.66,-0.52,19.15,222.00,204.00,263.00,131.00,129.00,,Father
-2.73,0.00,7.68,222.00,204.00,263.00,132.00,143.00,,Father
-2.65,-0.53,7.38,220.00,200.00,263.00,137.00,119.00,,Father
-6.12,0.51,2.62,222.00,202.00,263.00,137.00,123.00,,Father
-1.00,0.50,14.67,220.00,202.00,263.00,136.00,101.00,,Father
-4.36,0.97,13.24,222.00,202.00,263.00,136.00,143.00,,Father
-2.67,1.07,19.15,222.00,203.00,263.00,136.00,159.00,,Father
-1.56,1.04,3.81,222.00,202.00,261.00,135.00,129.00,,Father
5.06,3.68,7.38,222.00,202.00,263.00,136.00,102.00,,Father
9.16,2.28,7.38,222.00,202.00,263.00,137.00,145.00,,Father
7.28,3.63,5.30,222.00,202.00,263.00,136.00,150.00,,Father
6.72,4.47,2.92,222.00,202.00,263.00,136.00,145.00,,Father
4.53,4.07,3.81,222.00,202.00,263.00,135.00,128.00,,Father
1.38,3.69,7.38,217.00,204.00,261.00,133.00,161.00,,Father
4.90,3.56,2.62,218.00,204.00,263.00,135.00,162.00,,Father
4.82,4.38,3.22,218.00,204.00,263.00,135.00,141.00,,Father
4.45,4.45,2.62,218.00,204.00,263.00,134.00,129.00,,Father
8.06,3.38,7.97,218.00,204.00,263.00,134.00,133.00,,Father
6.22,-0.56,10.04,217.00,204.00,263.00,133.00,142.00,,Father
7.89,1.69,10.04,217.00,204.00,263.00,132.00,121.00,,Father
7.79,-2.39,2.92,218.00,204.00,263.00,138.00,147.00,,Father
5.61,3.27,13.24,218.00,204.00,263.00,139.00,168.00,,Father
4.04,3.54,12.37,215.00,209.00,263.00,129.00,138.00,,Father
30.78,-4.27,7.38,222.00,183.00,263.00,138.00,79.00,,Father
29.30,-5.10,5.00,215.00,175.00,263.00,157.00,61.00,,Father
30.78,-4.27,7.38,222.00,183.00,263.00,138.00,79.00,,Father
0.00,0.29,7.38,209.00,187.00,263.00,137.00,77.00,,Father
0.29,0.57,17.84,217.00,187.00,263.00,138.00,82.00,,Father
1.66,0.83,9.82,215.00,187.00,263.00,139.00,82.00,,Father
2.74,0.82,14.46,214.00,187.00,263.00,140.00,86.00,,Father
2.23,0.00,5.67,220.00,188.00,263.00,138.00,87.00,,Father
-1.13,0.56,20.58,218.00,187.00,265.00,139.00,87.00,,Father
-2.58,2.58,12.37,214.00,185.00,263.00,137.00,61.00,,Father
-20.64,-0.25,13.31,209.00,184.00,263.00,137.00,85.00,,Father
-21.47,-2.76,12.15,212.00,184.00,263.00,146.00,78.00,,Father
-18.66,-0.71,3.81,209.00,181.00,261.00,144.00,87.00,,Father
-16.48,-3.19,12.73,204.00,181.00,263.00,164.00,58.00,,Father
-21.70,-1.51,19.50,211.00,180.00,261.00,167.00,63.00,,Father
-22.30,-1.50,13.24,214.00,180.00,261.00,166.00,61.00,,Father
-23.43,-1.04,20.58,209.00,181.00,261.00,165.00,58.00,,Father
-17.56,1.00,14.67,211.00,181.00,261.00,164.00,57.00,,Father
-10.92,1.73,3.81,209.00,183.00,261.00,163.00,59.00,,Father
-11.01,2.92,10.99,214.00,181.00,261.00,163.00,63.00,,Father
-12.17,0.77,14.67,214.00,181.00,261.00,164.00,61.00,,Father
-11.60,0.98,18.40,212.00,181.00,261.00,162.00,64.00,,Father
-15.85,-0.24,18.40,206.00,180.00,261.00,163.00,65.00,,Father
-15.66,0.26,19.15,192.00,181.00,263.00,164.00,64.00,,Father
-14.41,0.00,14.67,206.00,183.00,261.00,165.00,64.00,,Father
4.82,0.00,7.97,214.00,196.00,267.00,141.00,102.00,,Mother
3.86,0.00,13.38,217.00,197.00,265.00,149.00,99.00,,Mother
2.44,-1.05,5.00,215.00,196.00,265.00,147.00,116.00,,Mother
0.99,-1.66,17.91,212.00,197.00,265.00,148.00,133.00,,Mother
-0.33,-0.99,12.66,215.00,196.00,265.00,147.00,104.00,,Mother
-1.86,-3.71,7.97,217.00,197.00,265.00,145.00,105.00,,Mother
-3.77,-1.88,10.04,199.00,192.00,263.00,149.00,104.00,,Mother
-7.14,-4.16,12.15,197.00,192.00,265.00,145.00,110.00,,Mother
-6.26,-3.44,10.04,207.00,195.00,265.00,145.00,111.00,,Mother
-4.72,-4.41,20.11,214.00,196.00,265.00,141.00,111.00,,Mother
4.33,1.24,15.60,211.00,197.00,265.00,140.00,111.00,,Mother
5.19,0.97,2.62,214.00,197.00,265.00,140.00,138.00,,Mother
3.27,0.98,7.53,215.00,199.00,265.00,140.00,138.00,,Mother
7.17,0.00,19.02,200.00,196.00,265.00,140.00,134.00,,Mother
6.08,1.01,5.15,200.00,196.00,265.00,141.00,111.00,,Mother
9.29,0.69,15.67,199.00,197.00,265.00,140.00,110.00,,Mother
8.95,1.71,15.67,203.00,197.00,265.00,140.00,111.00,,Mother
7.98,0.00,13.38,202.00,196.00,265.00,139.00,122.00,,Mother
1.87,-2.62,19.02,192.00,195.00,265.00,145.00,113.00,,Mother
1.07,-1.42,12.23,193.00,195.00,265.00,143.00,113.00,,Mother
10.06,1.33,5.15,206.00,195.00,265.00,143.00,114.00,,Mother
10.91,2.63,11.06,200.00,195.00,265.00,145.00,113.00,,Mother
13.78,1.71,13.38,207.00,195.00,265.00,144.00,113.00,,Mother
17.03,3.02,13.38,211.00,197.00,265.00,142.00,112.00,,Mother
17.77,3.03,3.22,200.00,192.00,265.00,141.00,113.00,,Mother
0.68,0.68,3.81,220.00,207.00,261.00,131.00,90.00,,Mother
-0.23,0.23,4.48,222.00,207.00,261.00,130.00,83.00,,Mother
0.69,0.23,6.27,223.00,207.00,263.00,131.00,88.00,,Mother
1.15,0.69,6.27,222.00,207.00,263.00,132.00,72.00,,Mother
0.91,0.91,4.48,223.00,207.00,265.00,129.00,77.00,,Mother
1.95,0.65,5.00,222.00,207.00,265.00,132.00,86.00,,Mother
0.90,0.45,2.62,222.00,207.00,263.00,132.00,77.00,,Mother
0.00,0.00,273.96,220.00,204.00,265.00,128.00,77.00,,Mother
1.08,0.65,273.96,222.00,200.00,263.00,131.00,99.00,,Mother
0.85,0.85,273.96,220.00,202.00,261.00,132.00,82.00,,Mother
-3.41,-0.91,3.81,222.00,200.00,263.00,131.00,92.00,,Mother
-4.51,-0.64,6.34,215.00,202.00,263.00,132.00,99.00,,Mother
0.00,0.00,6.34,214.00,202.00,261.00,132.00,95.00,,Mother
0.66,0.44,3.96,220.00,202.00,263.00,130.00,81.00,,Mother
-2.77,-0.69,7.38,218.00,202.00,263.00,132.00,99.00,,Mother
-1.10,-0.88,273.96,218.00,203.00,263.00,130.00,79.00,,Mother
0.22,0.66,3.22,217.00,202.00,263.00,130.00,91.00,,Mother
-4.65,-0.46,10.04,220.00,203.00,263.00,131.00,97.00,,Mother
-7.81,-1.11,2.69,220.00,203.00,263.00,131.00,93.00,,Mother
-7.46,-1.80,3.81,222.00,203.00,263.00,131.00,82.00,,Mother
-7.46,-1.80,3.81,218.00,207.00,263.00,129.00,87.00,,Mother
-7.09,-1.37,6.27,220.00,207.00,263.00,128.00,82.00,,Mother
-4.82,-0.66,273.96,220.00,206.00,263.00,128.00,82.00,,Mother
-5.19,-0.22,5.00,220.00,206.00,263.00,128.00,91.00,,Mother
-5.67,-0.22,3.96,220.00,206.00,263.00,129.00,87.00,,Mother
-5.21,-0.43,273.96,220.00,206.00,259.00,128.00,77.00,,Mother
-5.21,-0.87,273.96,220.00,203.00,263.00,128.00,80.00,,Mother
-2.62,-1.75,3.96,222.00,204.00,265.00,128.00,96.00,,Mother
0.00,0.67,2.77,220.00,204.00,265.00,128.00,82.00,,Mother
0.00,80.98,2.62,218.00,192.00,187.00,150.00,34.00,,Hello
-54.74,-24.09,12.08,212.00,197.00,188.00,141.00,33.00,,Hello
-55.81,-30.89,2.62,211.00,199.00,187.00,141.00,45.00,,Hello
-67.58,-15.64,2.62,212.00,199.00,187.00,142.00,39.00,,Hello
-62.29,-27.38,2.62,212.00,197.00,187.00,142.00,42.00,,Hello
-59.59,-16.31,12.08,211.00,199.00,187.00,140.00,47.00,,Hello
-41.52,-39.38,12.08,207.00,199.00,187.00,142.00,41.00,,Hello
-40.66,-34.76,5.00,207.00,199.00,187.00,140.00,50.00,,Hello
-37.53,-36.64,12.08,207.00,199.00,187.00,142.00,56.00,,Hello
-22.47,-33.42,5.00,207.00,200.00,187.00,140.00,45.00,,Hello
-32.23,-37.25,5.00,207.00,197.00,187.00,141.00,64.00,,Hello
-29.55,-43.13,2.62,206.00,197.00,187.00,141.00,59.00,,Hello
-25.23,-41.05,7.38,206.00,197.00,187.00,142.00,59.00,,Hello
-22.78,-34.65,2.62,206.00,197.00,187.00,141.00,52.00,,Hello
-13.99,-34.33,3.81,206.00,199.00,187.00,142.00,67.00,,Hello
-27.44,-45.33,13.24,204.00,195.00,185.00,143.00,59.00,,Hello
-38.03,-42.11,13.24,206.00,197.00,187.00,142.00,63.00,,Hello
-37.63,-41.64,2.62,206.00,197.00,187.00,142.00,66.00,,Hello
-33.39,-43.47,3.81,206.00,197.00,187.00,142.00,65.00,,Hello
-33.28,-44.49,7.38,206.00,199.00,187.00,142.00,74.00,,Hello
-33.63,-41.12,13.24,206.00,199.00,187.00,141.00,74.00,,Hello
-34.08,-42.64,3.81,206.00,199.00,187.00,141.00,74.00,,Hello
-33.28,-41.19,13.24,207.00,197.00,187.00,141.00,69.00,,Hello
-33.41,-45.25,3.81,206.00,200.00,187.00,141.00,72.00,,Hello
-32.70,-42.16,7.38,207.00,200.00,187.00,141.00,75.00,,Hello
-31.35,-42.63,3.81,206.00,199.00,187.00,141.00,73.00,,Hello
-35.42,-43.17,3.81,207.00,199.00,187.00,141.00,79.00,,Hello
-33.55,-42.91,2.62,207.00,200.00,187.00,141.00,79.00,,Hello
-33.73,-42.67,13.24,207.00,200.00,187.00,141.00,78.00,,Hello
-35.43,-42.97,3.81,207.00,200.00,187.00,139.00,78.00,,Hello
-34.81,-42.60,3.81,207.00,212.00,187.00,142.00,65.00,,Hello
-33.73,-42.67,13.24,207.00,211.00,187.00,139.00,72.00,,Hello
-34.94,-41.42,2.62,207.00,209.00,187.00,144.00,71.00,,Hello
-36.31,-46.12,12.08,207.00,204.00,187.00,138.00,63.00,,Hello
-32.65,-34.55,5.00,207.00,204.00,187.00,138.00,80.00,,Hello
-38.29,-38.29,3.81,207.00,206.00,187.00,138.00,81.00,,Hello
-40.20,-40.20,5.00,207.00,204.00,187.00,138.00,81.00,,Hello
-38.64,-41.19,5.00,207.00,204.00,187.00,138.00,75.00,,Hello
-41.21,-35.68,2.62,207.00,204.00,187.00,138.00,82.00,,Hello
-37.27,-38.62,13.24,207.00,203.00,187.00,138.00,83.00,,Hello
-38.00,-33.50,13.24,207.00,204.00,187.00,138.00,81.00,,Hello
-42.85,-33.55,12.08,206.00,204.00,187.00,138.00,84.00,,Hello
-39.30,-39.98,3.81,204.00,204.00,187.00,138.00,70.00,,Hello
-40.64,-44.26,2.62,204.00,197.00,187.00,140.00,46.00,,Hello
-59.89,-28.84,2.62,209.00,207.00,187.00,137.00,73.00,,Hello
-49.90,-33.37,5.00,207.00,204.00,187.00,138.00,70.00,,Hello
-50.31,-34.95,5.00,209.00,203.00,187.00,137.00,83.00,,Hello
-48.32,-37.44,7.38,204.00,202.00,187.00,137.00,66.00,,Hello
15.67,-39.73,2.62,206.00,203.00,187.00,137.00,69.00,,Hello
15.17,-38.04,2.62,206.00,204.00,187.00,137.00,72.00,,Hello
2.24,-36.61,5.00,202.00,203.00,187.00,137.00,82.00,,Hello
43.05,-23.91,3.81,197.00,202.00,187.00,137.00,76.00,,Hello
16.23,-33.99,3.22,202.00,206.00,187.00,136.00,91.00,,Hello
14.21,-33.86,12.08,202.00,207.00,187.00,135.00,90.00,,Hello
18.42,-32.62,12.08,203.00,207.00,187.00,135.00,92.00,,Hello
19.25,-33.77,3.22,202.00,207.00,187.00,136.00,77.00,,Hello
13.31,-35.50,5.00,202.00,207.00,187.00,136.00,68.00,,Hello
-38.96,-42.89,7.38,202.00,202.00,187.00,137.00,80.00,,Hello
-30.82,-40.70,2.62,202.00,202.00,187.00,136.00,93.00,,Hello
-24.92,-41.84,5.00,202.00,202.00,187.00,136.00,95.00,,Hello
-30.28,-42.94,2.62,202.00,199.00,187.00,136.00,92.00,,Hello
-37.17,-43.57,3.81,202.00,200.00,188.00,136.00,105.00,,Hello
-34.93,-39.51,3.22,203.00,199.00,187.00,137.00,110.00,,Hello
-29.69,-46.29,2.62,202.00,200.00,187.00,138.00,95.00,,Hello
-25.76,-47.17,7.97,203.00,200.00,187.00,137.00,100.00,,Hello
-37.58,-44.93,2.62,203.00,197.00,187.00,138.00,100.00,,Hello
-37.87,-46.66,7.38,203.00,195.00,187.00,138.00,99.00,,Hello
-35.06,-40.20,5.00,202.00,196.00,187.00,137.00,90.00,,Hello
-3.83,-44.87,2.92,203.00,196.00,187.00,136.00,88.00,,Hello
-5.31,-49.11,12.08,203.00,196.00,187.00,135.00,100.00,,Hello
-10.93,-45.48,12.66,202.00,195.00,187.00,136.00,120.00,,Hello
-22.55,-46.96,5.00,203.00,195.00,187.00,136.00,103.00,,Hello
-18.69,-47.34,5.00,203.00,195.00,187.00,135.00,111.00,,Hello
-27.43,-43.99,5.00,202.00,189.00,187.00,135.00,111.00,,Hello
-35.75,-45.50,3.81,203.00,190.00,187.00,135.00,101.00,,Hello
-12.65,-48.39,7.97,202.00,193.00,187.00,135.00,109.00,,Hello
-1.60,-44.41,13.24,202.00,193.00,187.00,135.00,107.00,,Hello
-0.83,-46.16,2.62,202.00,193.00,187.00,135.00,109.00,,Hello
-0.93,-50.60,5.00,202.00,195.00,187.00,135.00,104.00,,Hello
6.85,-42.90,16.94,203.00,196.00,187.00,135.00,112.00,,Hello
6.79,-44.00,2.62,203.00,195.00,187.00,134.00,114.00,,Hello
-14.80,-46.27,2.62,202.00,195.00,187.00,135.00,92.00,,Hello
-11.56,-48.10,12.66,202.00,195.00,187.00,135.00,89.00,,Hello
-10.61,-48.72,5.00,202.00,195.00,187.00,135.00,107.00,,Hello
-26.33,-45.96,5.00,202.00,195.00,187.00,135.00,117.00,,Hello
-19.91,-46.67,7.97,202.00,195.00,187.00,135.00,107.00,,Hello
-21.86,-45.58,5.00,197.00,195.00,187.00,136.00,109.00,,Hello
-31.50,-49.28,12.08,195.00,195.00,187.00,136.00,135.00,,Hello
-30.17,-49.99,7.97,195.00,197.00,187.00,137.00,132.00,,Hello
-25.91,-49.89,5.00,195.00,197.00,187.00,137.00,124.00,,Hello
-21.11,-49.31,5.00,196.00,197.00,187.00,136.00,133.00,,Hello
-25.65,-46.53,12.08,196.00,196.00,187.00,136.00,138.00,,Hello
-24.35,-49.38,7.97,196.00,196.00,185.00,136.00,143.00,,Hello
-20.47,-50.07,2.62,196.00,196.00,185.00,136.00,145.00,,Hello
-22.86,-49.25,3.22,196.00,196.00,185.00,136.00,139.00,,Hello
-23.08,-48.66,2.62,196.00,196.00,185.00,136.00,148.00,,Hello
-21.53,-48.36,7.97,196.00,197.00,185.00,136.00,142.00,,Hello
-28.95,-49.60,12.66,193.00,196.00,185.00,135.00,138.00,,Hello
-4.65,-42.76,2.62,195.00,199.00,185.00,134.00,121.00,,Hello
-25.90,-44.48,7.38,199.00,200.00,187.00,135.00,140.00,,Hello
-8.13,-44.99,3.81,199.00,200.00,187.00,135.00,147.00,,Hello
-32.41,-42.72,2.62,200.00,200.00,187.00,135.00,138.00,,Hello
-14.07,-29.94,3.22,200.00,200.00,187.00,134.00,135.00,,Hello
-38.47,-42.12,7.38,200.00,199.00,187.00,135.00,132.00,,Hello
-7.64,-39.14,7.38,200.00,199.00,187.00,134.00,120.00,,Hello
-13.75,-36.92,13.24,200.00,199.00,187.00,134.00,136.00,,Hello
-29.65,-40.31,13.24,200.00,199.00,187.00,134.00,128.00,,Hello
-20.08,-40.58,17.21,200.00,199.00,187.00,134.00,96.00,,Hello
-25.38,-40.66,12.66,200.00,199.00,187.00,134.00,153.00,,Hello
-24.57,-40.38,5.00,200.00,197.00,187.00,134.00,139.00,,Hello
-27.03,-42.65,5.00,202.00,199.00,187.00,134.00,130.00,,Hello
-26.03,-40.87,2.62,202.00,200.00,187.00,134.00,95.00,,Hello
-12.49,-36.67,17.21,202.00,200.00,187.00,134.00,145.00,,Hello
-14.29,-37.67,2.62,202.00,200.00,187.00,134.00,137.00,,Hello
-20.82,-40.32,5.00,202.00,200.00,187.00,137.00,154.00,,Hello
-13.26,-42.74,12.66,202.00,200.00,187.00,136.00,152.00,,Hello
-20.69,-37.09,7.97,202.00,200.00,187.00,136.00,130.00,,Hello
18.02,-31.03,7.38,203.00,199.00,187.00,134.00,154.00,,Hello
-21.03,-46.64,7.38,203.00,199.00,187.00,134.00,162.00,,Hello
5.66,-31.16,17.21,203.00,199.00,187.00,134.00,134.00,,Hello
5.70,-35.67,3.22,203.00,199.00,187.00,134.00,157.00,,Hello
-24.40,-42.53,3.22,203.00,200.00,187.00,134.00,150.00,,Hello
-16.81,-40.78,17.21,203.00,199.00,187.00,134.00,148.00,,Hello
-9.46,-37.07,3.81,203.00,199.00,187.00,134.00,118.00,,Hello
-9.23,-40.65,5.00,204.00,197.00,188.00,135.00,128.00,,Hello
-17.96,-43.00,12.66,204.00,200.00,188.00,135.00,118.00,,Hello
-16.96,-42.21,7.97,204.00,199.00,187.00,135.00,140.00,,Hello
11.74,-31.76,17.21,204.00,199.00,187.00,136.00,126.00,,Hello
-17.00,-43.26,12.66,204.00,200.00,187.00,135.00,138.00,,Hello
-9.36,-46.10,7.38,204.00,200.00,187.00,136.00,126.00,,Hello
-2.91,-42.87,2.62,206.00,199.00,187.00,134.00,157.00,,Hello
-22.59,-38.63,17.21,206.00,199.00,187.00,137.00,123.00,,Hello
-48.00,-38.96,2.62,206.00,199.00,187.00,137.00,124.00,,Hello
-38.87,-44.01,3.81,206.00,200.00,187.00,138.00,145.00,,Hello
-38.80,-43.23,13.24,204.00,199.00,187.00,137.00,137.00,,Hello
-34.39,-44.48,13.24,204.00,197.00,188.00,138.00,128.00,,Hello
-33.89,-43.60,3.81,206.00,197.00,188.00,136.00,138.00,,Hello
-13.22,-38.96,5.00,206.00,199.00,188.00,137.00,109.00,,Hello
-17.79,-41.95,12.66,206.00,199.00,188.00,136.00,124.00,,Hello
-24.79,-45.67,12.08,206.00,199.00,188.00,136.00,167.00,,Hello
-23.57,-46.02,12.66,206.00,199.00,188.00,136.00,167.00,,Hello
-28.03,-48.76,13.24,204.00,193.00,188.00,138.00,158.00,,Hello
-34.49,-46.45,2.62,204.00,196.00,188.00,137.00,171.00,,Hello
-20.95,-46.35,12.66,204.00,197.00,188.00,137.00,166.00,,Hello
-20.29,-46.67,5.00,206.00,199.00,188.00,136.00,166.00,,Hello
-20.21,-45.01,17.21,206.00,199.00,188.00,136.00,175.00,,Hello
-19.77,-43.77,7.97,206.00,193.00,188.00,137.00,140.00,,Hello
-29.65,-44.71,5.00,206.00,193.00,188.00,137.00,144.00,,Hello
-33.08,-44.39,2.62,206.00,195.00,188.00,137.00,149.00,,Hello
-32.85,-45.08,2.62,206.00,195.00,188.00,137.00,164.00,,Hello
-31.71,-42.97,7.38,206.00,195.00,188.00,137.00,154.00,,Hello
-9.10,-42.79,7.97,206.00,199.00,187.00,136.00,173.00,,Hello
-14.01,-49.33,17.21,206.00,200.00,187.00,136.00,183.00,,Hello
-16.91,-45.23,17.21,204.00,199.00,188.00,135.00,171.00,,Hello
-23.09,-39.85,17.21,204.00,204.00,188.00,136.00,200.00,,Hello
-14.18,-47.93,12.08,203.00,202.00,188.00,138.00,202.00,,Hello
-18.95,-48.02,3.22,203.00,202.00,188.00,137.00,188.00,,Hello
-18.46,-48.04,2.62,204.00,202.00,187.00,137.00,181.00,,Hello
-15.93,-48.85,17.21,204.00,202.00,188.00,137.00,172.00,,Hello
-13.77,-49.88,7.97,204.00,202.00,187.00,137.00,177.00,,Hello
-14.62,-51.10,5.00,204.00,203.00,188.00,137.00,172.00,,Hello
-14.19,-49.20,12.08,204.00,202.00,187.00,137.00,171.00,,Hello
-10.56,-48.41,12.66,206.00,202.00,188.00,137.00,173.00,,Hello
-12.25,-48.91,17.21,204.00,202.00,188.00,137.00,171.00,,Hello
-11.31,-48.98,7.97,207.00,200.00,188.00,136.00,166.00,,Hello
-10.11,-47.03,5.00,207.00,202.00,187.00,136.00,179.00,,Hello
-10.53,-50.15,12.08,204.00,203.00,187.00,136.00,139.00,,Hello
-0.46,-45.33,12.66,207.00,207.00,187.00,138.00,139.00,,Hello
-3.03,-44.00,2.92,209.00,207.00,187.00,137.00,144.00,,Hello
-9.58,-48.83,2.62,207.00,206.00,188.00,136.00,138.00,,Hello
-7.19,-48.69,2.62,209.00,200.00,188.00,136.00,143.00,,Hello
-14.03,-49.74,12.08,211.00,202.00,188.00,136.00,147.00,,Hello
-14.30,-49.05,5.00,209.00,202.00,188.00,136.00,158.00,,Hello
-14.78,-49.28,2.62,209.00,203.00,188.00,135.00,143.00,,Hello
6.41,-42.07,7.38,209.00,203.00,188.00,136.00,160.00,,Hello
-1.90,-50.34,7.97,209.00,202.00,188.00,137.00,160.00,,Hello
-15.25,-50.03,5.00,209.00,199.00,188.00,136.00,170.00,,Hello
-19.25,-47.74,2.62,209.00,199.00,188.00,136.00,192.00,,Hello
-17.97,-45.83,3.22,209.00,199.00,188.00,136.00,189.00,,Hello
-13.52,-46.40,5.00,209.00,199.00,188.00,135.00,187.00,,Hello
16.44,-40.02,7.97,206.00,200.00,187.00,136.00,195.00,,Hello
-7.58,-50.98,12.08,204.00,204.00,187.00,138.00,215.00,,Hello
-9.09,-48.80,17.21,203.00,204.00,188.00,138.00,202.00,,Hello
-11.10,-50.35,3.22,206.00,206.00,188.00,136.00,188.00,,Hello
-16.32,-49.60,3.22,206.00,206.00,187.00,136.00,165.00,,Hello
-11.92,-48.16,5.00,206.00,206.00,188.00,136.00,222.00,,Hello
-13.98,-48.36,5.00,206.00,206.00,188.00,136.00,212.00,,Hello
-11.59,-46.20,12.66,206.00,206.00,188.00,136.00,218.00,,Hello
-9.53,-47.52,12.66,206.00,207.00,188.00,136.00,214.00,,Hello
-18.61,-4.45,9.23,206.00,196.00,217.00,137.00,128.00,,Father
-17.97,-4.99,14.67,204.00,195.00,217.00,145.00,128.00,,Father
-2.21,0.44,273.96,214.00,193.00,217.00,139.00,128.00,,Father
-2.00,0.22,2.77,215.00,193.00,217.00,140.00,131.00,,Father
-1.33,1.33,273.96,215.00,188.00,217.00,144.00,130.00,,Father
-0.90,0.00,2.62,206.00,187.00,217.00,144.00,131.00,,Father
-1.78,0.44,2.77,212.00,188.00,217.00,145.00,130.00,,Father
-0.90,0.22,2.62,206.00,189.00,217.00,147.00,132.00,,Father
-2.00,0.67,2.77,200.00,190.00,217.00,147.00,131.00,,Father
-0.44,1.31,3.96,212.00,189.00,217.00,146.00,133.00,,Father
-0.22,2.23,273.96,211.00,196.00,217.00,133.00,138.00,,Father
0.00,0.89,2.77,214.00,195.00,218.00,134.00,141.00,,Father
0.91,1.58,3.29,214.00,195.00,218.00,135.00,145.00,,Father
0.23,0.69,7.38,211.00,195.00,218.00,135.00,146.00,,Father
-1.12,0.45,2.62,211.00,193.00,218.00,137.00,139.00,,Father
-1.58,0.00,2.92,209.00,193.00,218.00,138.00,148.00,,Father
-1.38,0.23,6.27,209.00,193.00,218.00,138.00,141.00,,Father
-1.36,0.00,3.81,204.00,193.00,218.00,138.00,148.00,,Father
0.00,0.00,4.48,206.00,192.00,218.00,139.00,149.00,,Father
-0.24,1.41,15.03,204.00,192.00,218.00,139.00,150.00,,Father
-0.47,0.94,13.24,207.00,192.00,218.00,139.00,149.00,,Father
-0.47,0.71,16.94,209.00,193.00,218.00,138.00,148.00,,Father
-0.73,-0.73,16.16,209.00,192.00,220.00,139.00,150.00,,Father
-0.98,0.98,19.15,212.00,192.00,220.00,139.00,152.00,,Father
-1.18,0.00,16.94,203.00,192.00,220.00,139.00,151.00,,Father
-0.72,0.72,5.08,200.00,192.00,222.00,138.00,153.00,,Father
0.48,1.21,10.40,199.00,192.00,222.00,138.00,151.00,,Father
0.48,1.21,10.40,200.00,192.00,222.00,138.00,152.00,,Father
2.69,1.47,19.15,200.00,192.00,222.00,138.00,153.00,,Father
4.69,3.21,10.99,206.00,187.00,220.00,142.00,149.00,,Father
1.76,0.75,3.81,206.00,188.00,220.00,140.00,149.00,,Father
1.33,0.80,13.31,207.00,189.00,220.00,141.00,150.00,,Father
3.40,1.57,9.23,204.00,189.00,220.00,139.00,152.00,,Father
-4.84,-3.31,2.62,202.00,189.00,222.00,140.00,150.00,,Father
14.95,-40.25,273.96,203.00,189.00,223.00,141.00,151.00,,Father
-3.88,-2.84,17.28,202.00,181.00,220.00,152.00,148.00,,Father
-5.33,-1.70,7.97,195.00,180.00,218.00,161.00,134.00,,Father
-4.50,0.00,273.96,199.00,167.00,217.00,170.00,138.00,,Father
-3.87,-1.29,6.34,196.00,168.00,217.00,168.00,137.00,,Father
-5.00,-0.43,273.96,197.00,170.00,217.00,165.00,150.00,,Father
-5.07,0.00,273.96,200.00,167.00,217.00,166.00,152.00,,Father
-3.47,-0.69,8.64,202.00,167.00,217.00,164.00,146.00,,Father
-3.35,0.45,2.62,202.00,173.00,217.00,163.00,157.00,,Father
-1.82,0.45,3.81,202.00,175.00,217.00,161.00,158.00,,Father
0.45,1.59,3.81,207.00,177.00,217.00,160.00,154.00,,Father
0.70,2.11,13.24,207.00,177.00,217.00,160.00,163.00,,Father
0.39,0.97,273.97,197.00,183.00,218.00,156.00,160.00,,Father
0.83,2.07,273.97,185.00,192.00,220.00,138.00,177.00,,Father
1.34,2.01,273.96,200.00,193.00,220.00,66.00,168.00,,Father
3.94,2.84,273.96,203.00,193.00,220.00,136.00,184.00,,Father
3.12,2.22,273.96,207.00,193.00,220.00,136.00,188.00,,Father
6.84,3.08,2.77,203.00,193.00,220.00,135.00,192.00,,Father
7.69,2.79,13.24,211.00,193.00,220.00,136.00,207.00,,Father
2.29,0.69,5.30,211.00,193.00,220.00,135.00,193.00,,Father
0.91,0.91,4.48,209.00,193.00,220.00,134.00,175.00,,Father
2.54,1.15,7.38,207.00,192.00,220.00,134.00,202.00,,Father
3.02,2.56,10.04,207.00,192.00,220.00,137.00,204.00,,Father
0.47,2.12,15.03,212.00,192.00,220.00,135.00,204.00,,Father
1.65,1.18,15.03,207.00,190.00,220.00,139.00,171.00,,Father
-0.65,0.87,5.00,206.00,190.00,220.00,139.00,200.00,,Father
-3.14,0.22,2.69,206.00,190.00,220.00,140.00,197.00,,Father
-5.91,-1.36,4.48,206.00,190.00,220.00,140.00,181.00,,Father
0.19,1.55,273.97,203.00,189.00,220.00,147.00,185.00,,Father
0.00,1.03,20.11,204.00,188.00,220.00,149.00,187.00,,Father
2.26,2.26,20.11,204.00,189.00,220.00,149.00,197.00,,Father
-0.42,0.42,273.97,207.00,189.00,220.00,147.00,220.00,,Father
0.00,2.23,273.96,211.00,189.00,220.00,140.00,215.00,,Father
-2.09,0.23,8.64,196.00,190.00,220.00,135.00,222.00,,Father
-6.36,-2.59,16.94,200.00,190.00,220.00,138.00,225.00,,Father
-6.97,-2.16,10.40,200.00,190.00,220.00,138.00,220.00,,Father
-6.18,-0.47,2.62,197.00,189.00,220.00,140.00,220.00,,Father
-2.73,-0.84,273.97,189.00,184.00,218.00,138.00,232.00,,Father
1.40,2.99,273.97,200.00,185.00,218.00,146.00,199.00,,Father
1.05,0.63,14.53,206.00,187.00,218.00,144.00,199.00,,Father
1.73,1.30,273.96,197.00,188.00,218.00,142.00,215.00,,Father
2.01,0.67,2.62,183.00,187.00,218.00,141.00,215.00,,Father
0.45,0.89,273.96,202.00,185.00,218.00,139.00,234.00,,Father
-2.49,0.45,3.29,203.00,188.00,218.00,137.00,218.00,,Father
-5.26,-1.31,20.04,207.00,189.00,218.00,138.00,223.00,,Father
-2.16,0.72,5.08,207.00,164.00,215.00,153.00,227.00,,Father
-3.07,-0.47,16.94,204.00,171.00,215.00,147.00,212.00,,Father
-7.89,-2.15,7.68,202.00,180.00,218.00,136.00,206.00,,Father
-2.18,-0.73,13.24,206.00,181.00,218.00,135.00,215.00,,Father
-5.19,-1.18,16.94,199.00,181.00,218.00,135.00,222.00,,Father
-2.87,0.22,273.96,196.00,180.00,218.00,138.00,220.00,,Father
-3.24,0.00,8.64,203.00,180.00,218.00,138.00,220.00,,Father
-2.31,0.00,7.38,195.00,179.00,218.00,140.00,212.00,,Father
14.95,-40.25,273.96,184.00,175.00,217.00,146.00,288.00,,Father
-3.49,-0.65,3.96,193.00,177.00,217.00,143.00,295.00,,Father
-1.76,0.00,273.96,202.00,174.00,217.00,144.00,300.00,,Father
-5.33,-0.64,7.97,202.00,175.00,217.00,145.00,300.00,,Father
-2.14,-1.56,17.91,202.00,189.00,217.00,138.00,288.00,,Father
-1.58,0.00,7.53,203.00,193.00,218.00,140.00,314.00,,Father
4.33,1.82,4.48,206.00,193.00,218.00,137.00,317.00,,Father
4.45,1.87,13.24,207.00,196.00,220.00,135.00,314.00,,Father
2.78,2.08,8.64,209.00,196.00,218.00,134.00,288.00,,Father
3.85,2.72,3.81,209.00,196.00,220.00,133.00,298.00,,Father
3.60,3.15,2.92,209.00,195.00,220.00,135.00,322.00,,Father
-0.23,0.46,6.27,206.00,195.00,220.00,137.00,162.00,,Father
-0.23,3.27,11.57,209.00,190.00,218.00,135.00,168.00,,Father
-0.48,-0.95,18.95,197.00,193.00,218.00,168.00,73.00,,Father
-1.30,0.52,17.28,199.00,192.00,218.00,173.00,98.00,,Father
-1.11,1.67,16.94,193.00,190.00,218.00,172.00,103.00,,Father
1.22,1.22,16.16,199.00,193.00,218.00,172.00,113.00,,Father
3.46,2.13,13.31,200.00,192.00,218.00,170.00,112.00,,Father
5.27,1.11,16.94,199.00,192.00,218.00,170.00,110.00,,Father
3.83,1.91,14.46,206.00,192.00,217.00,170.00,111.00,,Father
6.02,2.00,15.60,206.00,193.00,217.00,171.00,116.00,,Father
7.80,0.00,13.89,206.00,193.00,217.00,167.00,118.00,,Father
7.31,0.58,12.73,206.00,193.00,184.00,170.00,123.00,,Father
17.73,3.73,19.15,207.00,193.00,184.00,167.00,118.00,,Father
20.23,4.58,10.04,204.00,196.00,217.00,165.00,114.00,,Father
21.71,5.06,3.81,189.00,192.00,217.00,167.00,114.00,,Father
9.99,3.57,17.28,199.00,190.00,217.00,165.00,114.00,,Father
11.28,4.39,14.67,202.00,192.00,218.00,165.00,113.00,,Father
10.02,3.74,12.37,195.00,192.00,218.00,163.00,118.00,,Father
10.76,2.99,12.37,199.00,192.00,218.00,162.00,118.00,,Father
6.43,-1.34,6.86,203.00,196.00,203.00,167.00,116.00,,Father
8.82,2.33,9.23,218.00,190.00,218.00,161.00,91.00,,Father
7.27,3.25,8.05,214.00,183.00,214.00,174.00,93.00,,Father
8.72,2.73,3.81,206.00,193.00,214.00,172.00,107.00,,Father
6.94,3.00,10.04,211.00,203.00,211.00,157.00,118.00,,Father
4.58,2.17,10.40,199.00,202.00,212.00,158.00,125.00,,Father
2.93,2.20,19.15,207.00,200.00,211.00,156.00,127.00,,Father
4.49,1.99,18.40,209.00,200.00,211.00,156.00,128.00,,Father
2.95,1.47,3.89,200.00,202.00,211.00,159.00,132.00,,Father
5.15,0.00,12.37,190.00,199.00,211.00,161.00,133.00,,Father
2.64,0.48,5.08,195.00,199.00,209.00,162.00,129.00,,Father
2.83,2.12,15.03,206.00,197.00,211.00,164.00,126.00,,Father
3.39,3.15,13.24,203.00,197.00,211.00,164.00,130.00,,Father
4.30,2.39,5.08,203.00,196.00,211.00,163.00,132.00,,Father
3.75,1.50,18.40,206.00,197.00,211.00,166.00,133.00,,Father
7.67,2.22,14.67,211.00,200.00,209.00,161.00,128.00,,Father
5.23,3.24,18.40,214.00,199.00,211.00,162.00,125.00,,Father
7.10,4.49,2.62,193.00,196.00,211.00,163.00,129.00,,Father
-0.73,0.24,10.40,192.00,196.00,209.00,164.00,146.00,,Father
1.68,1.44,7.68,200.00,195.00,209.00,166.00,131.00,,Father
-1.14,0.46,4.48,196.00,192.00,209.00,173.00,121.00,,Father
-0.23,0.70,13.24,200.00,192.00,209.00,175.00,130.00,,Father
0.49,0.49,16.16,202.00,192.00,209.00,173.00,111.00,,Father
-0.48,0.00,5.08,204.00,193.00,209.00,177.00,120.00,,Father
-1.90,0.24,18.95,202.00,195.00,211.00,174.00,145.00,,Father
-4.38,-1.15,7.38,192.00,192.00,211.00,177.00,125.00,,Father
-1.91,0.00,2.62,209.00,193.00,211.00,173.00,113.00,,Father
-1.59,0.00,3.81,211.00,193.00,211.00,171.00,116.00,,Father
-1.56,0.89,273.96,209.00,192.00,211.00,170.00,137.00,,Father
-0.67,0.67,2.69,199.00,192.00,211.00,173.00,136.00,,Father
0.22,1.31,3.96,206.00,192.00,211.00,171.00,131.00,,Father
2.65,3.31,273.96,206.00,189.00,200.00,175.00,113.00,,Father
1.51,1.72,6.34,209.00,192.00,206.00,171.00,117.00,,Father
1.75,1.97,3.96,209.00,190.00,202.00,170.00,118.00,,Father
0.00,1.05,14.53,217.00,173.00,207.00,164.00,141.00,,Father
14.95,-40.25,273.96,202.00,202.00,212.00,159.00,126.00,,Father
8.43,2.80,273.97,203.00,202.00,214.00,157.00,131.00,,Father
7.80,2.66,273.97,203.00,202.00,214.00,158.00,132.00,,Father
8.28,4.43,273.96,203.00,202.00,212.00,160.00,135.00,,Father
7.84,3.01,273.97,204.00,200.00,214.00,160.00,135.00,,Father
7.16,4.08,20.11,207.00,200.00,212.00,161.00,137.00,,Father
7.91,3.64,5.00,212.00,200.00,212.00,161.00,137.00,,Father
8.17,3.67,20.11,207.00,200.00,212.00,161.00,138.00,,Father
7.18,3.89,273.97,204.00,200.00,212.00,163.00,138.00,,Father
6.65,2.91,14.53,212.00,200.00,212.00,161.00,138.00,,Father
7.51,2.17,2.62,207.00,200.00,212.00,162.00,138.00,,Father
8.97,3.86,20.11,214.00,202.00,212.00,161.00,138.00,,Father
13.44,3.53,12.66,217.00,204.00,157.00,161.00,136.00,,Father
15.06,3.52,273.96,196.00,200.00,209.00,161.00,132.00,,Father
9.94,3.87,3.96,200.00,200.00,183.00,163.00,138.00,,Father
9.02,4.07,5.00,204.00,200.00,188.00,163.00,138.00,,Father
9.30,4.42,7.97,199.00,200.00,187.00,164.00,127.00,,Father
0.21,2.90,17.21,197.00,199.00,190.00,165.00,137.00,,Father
-4.92,-0.61,273.96,190.00,196.00,187.00,165.00,136.00,,Father
-5.79,-1.71,6.34,199.00,196.00,184.00,164.00,125.00,,Father
-5.71,-0.84,9.89,200.00,196.00,187.00,165.00,138.00,,Father
-7.62,-3.49,17.21,196.00,197.00,183.00,163.00,132.00,,Father
-6.82,-1.76,273.96,204.00,197.00,197.00,163.00,132.00,,Father
-4.54,-4.32,5.00,200.00,197.00,195.00,165.00,132.00,,Father
-6.63,-2.20,2.77,189.00,199.00,202.00,164.00,123.00,,Father
-8.37,-2.20,2.77,189.00,199.00,202.00,164.00,124.00,,Father
-7.50,-3.08,2.77,207.00,195.00,203.00,163.00,135.00,,Father
-7.43,-5.80,13.24,177.00,195.00,202.00,170.00,138.00,,Father
-7.37,-3.68,8.64,195.00,195.00,203.00,170.00,141.00,,Father
-4.72,-1.89,16.94,206.00,195.00,203.00,165.00,146.00,,Father
-2.01,-1.41,273.97,188.00,195.00,202.00,171.00,155.00,,Father
0.00,0.41,273.96,185.00,196.00,202.00,167.00,150.00,,Father
2.62,2.01,12.66,188.00,196.00,202.00,167.00,140.00,,Father
-1.18,0.00,273.97,188.00,196.00,200.00,167.00,160.00,,Father
-2.90,-0.39,5.00,177.00,190.00,200.00,168.00,152.00,,Father
-2.89,-0.39,273.96,184.00,188.00,214.00,167.00,160.00,,Father
-0.98,0.79,273.97,185.00,192.00,214.00,171.00,160.00,,Father
-3.29,-1.16,5.00,177.00,193.00,214.00,167.00,160.00,,Father
1.49,0.00,7.97,178.00,190.00,214.00,168.00,154.00,,Father
14.95,-40.25,273.96,196.00,192.00,212.00,168.00,130.00,,Father
21.51,-67.33,2.62,190.00,195.00,212.00,170.00,154.00,,Father
14.92,-40.38,273.96,211.00,196.00,212.00,164.00,152.00,,Father
14.92,-40.38,273.96,196.00,165.00,203.00,171.00,150.00,,Father
0.16,-0.41,274.05,177.00,187.00,212.00,167.00,151.00,,Father
-3.59,-1.00,273.97,185.00,185.00,212.00,170.00,158.00,,Father
-2.93,-0.78,273.97,192.00,185.00,212.00,196.00,155.00,,Father
-4.91,0.00,17.28,223.00,215.00,218.00,128.00,140.00,,Mother
-7.97,-0.82,9.82,225.00,215.00,218.00,128.00,141.00,,Mother
-5.04,-0.84,13.24,225.00,215.00,218.00,128.00,142.00,,Mother
-5.02,-0.84,5.67,225.00,215.00,218.00,128.00,142.00,,Mother
-5.09,0.00,10.04,223.00,215.00,218.00,128.00,143.00,,Mother
-4.25,-0.85,10.04,223.00,215.00,218.00,128.00,142.00,,Mother
-5.43,-1.14,7.38,225.00,214.00,218.00,128.00,144.00,,Mother
-4.04,-0.87,5.30,225.00,214.00,218.00,128.00,143.00,,Mother
-1.41,0.00,20.58,225.00,215.00,217.00,128.00,143.00,,Mother
-7.89,-1.12,10.04,225.00,218.00,217.00,130.00,140.00,,Mother
-5.07,0.00,20.58,223.00,218.00,217.00,129.00,142.00,,Mother
-4.48,0.00,13.24,223.00,218.00,217.00,128.00,143.00,,Mother
-4.46,0.00,5.67,225.00,218.00,217.00,128.00,143.00,,Mother
-4.72,-0.55,16.94,223.00,218.00,217.00,128.00,148.00,,Mother
-7.02,-1.08,19.50,220.00,215.00,218.00,128.00,148.00,,Mother
-7.59,-2.04,12.73,220.00,215.00,217.00,128.00,148.00,,Mother
-5.86,-1.85,15.60,222.00,215.00,218.00,128.00,146.00,,Mother
-2.63,-0.58,3.81,223.00,217.00,217.00,128.00,146.00,,Mother
-5.14,-1.51,12.73,223.00,215.00,218.00,128.00,146.00,,Mother
-4.64,-2.32,13.89,223.00,215.00,218.00,128.00,146.00,,Mother
-4.08,-1.75,3.81,223.00,215.00,217.00,128.00,145.00,,Mother
-2.98,-1.79,2.62,223.00,215.00,217.00,128.00,145.00,,Mother
-3.77,-1.16,13.89,223.00,215.00,218.00,128.00,145.00,,Mother
-3.20,-0.87,13.89,223.00,215.00,218.00,128.00,145.00,,Mother
-2.05,-0.58,3.81,223.00,215.00,218.00,128.00,146.00,,Mother
-3.48,-1.74,13.89,223.00,215.00,217.00,128.00,147.00,,Mother
-2.05,0.00,3.81,223.00,215.00,217.00,128.00,147.00,,Mother
-5.22,-1.74,13.89,223.00,217.00,218.00,127.00,146.00,,Mother
-7.04,-1.28,12.66,225.00,217.00,218.00,127.00,141.00,,Mother
-5.95,-2.50,10.04,225.00,215.00,218.00,128.00,140.00,,Mother
-9.71,-2.49,20.11,225.00,215.00,218.00,128.00,142.00,,Mother
-5.42,-3.50,8.71,225.00,215.00,217.00,128.00,141.00,,Mother
-5.95,-2.82,10.04,225.00,215.00,217.00,128.00,141.00,,Mother
-3.81,-0.95,5.00,225.00,215.00,217.00,128.00,141.00,,Mother
-4.28,-0.92,13.89,227.00,215.00,217.00,128.00,144.00,,Mother
-5.73,-3.50,8.71,227.00,215.00,217.00,128.00,144.00,,Mother
-5.30,-2.49,17.84,227.00,214.00,217.00,128.00,143.00,,Mother
-8.72,-4.04,10.04,227.00,215.00,217.00,128.00,144.00,,Mother
-7.72,-3.70,7.38,225.00,215.00,217.00,128.00,145.00,,Mother
-4.03,-4.34,7.38,225.00,215.00,217.00,128.00,141.00,,Mother
-5.55,-1.85,15.60,225.00,212.00,217.00,128.00,142.00,,Mother
-7.23,-2.40,12.73,225.00,214.00,217.00,128.00,138.00,,Mother
-3.58,-1.19,2.62,225.00,212.00,217.00,128.00,145.00,,Mother
-5.55,-1.85,15.60,225.00,212.00,217.00,128.00,145.00,,Mother
-8.60,-1.84,15.60,223.00,217.00,217.00,127.00,141.00,,Mother
-5.33,-3.13,10.04,223.00,215.00,217.00,127.00,146.00,,Mother
-5.62,0.00,17.84,220.00,215.00,217.00,126.00,145.00,,Mother
-5.08,-2.22,5.00,222.00,215.00,217.00,127.00,147.00,,Mother
-8.95,-5.10,16.80,225.00,215.00,217.00,127.00,148.00,,Mother
-0.91,-2.13,3.81,222.00,215.00,217.00,126.00,146.00,,Mother
-4.11,-0.95,20.11,222.00,215.00,217.00,126.00,146.00,,Mother
-1.52,-1.52,3.81,223.00,215.00,217.00,126.00,146.00,,Mother
-4.73,-1.89,20.11,223.00,215.00,217.00,126.00,147.00,,Mother
-5.77,-0.91,3.81,223.00,217.00,218.00,127.00,145.00,,Mother
-4.68,-1.87,17.84,223.00,215.00,217.00,127.00,150.00,,Mother
-4.89,-1.83,13.89,223.00,215.00,218.00,126.00,151.00,,Mother
-2.76,-0.92,13.89,222.00,212.00,217.00,127.00,151.00,,Mother
-4.21,-1.50,2.92,223.00,212.00,217.00,127.00,152.00,,Mother
-5.93,-1.25,17.84,223.00,212.00,217.00,127.00,152.00,,Mother
-4.35,0.00,7.38,223.00,212.00,217.00,127.00,155.00,,Mother
-4.25,-0.85,10.04,222.00,192.00,214.00,138.00,146.00,,Mother
-4.69,0.00,9.82,222.00,196.00,214.00,138.00,158.00,,Mother
-3.78,-1.08,13.24,222.00,197.00,214.00,138.00,156.00,,Mother
-5.27,-0.83,16.94,222.00,199.00,214.00,137.00,153.00,,Mother
-3.43,-2.00,7.38,225.00,203.00,215.00,132.00,159.00,,Mother
-3.72,-0.86,7.38,225.00,203.00,215.00,132.00,152.00,,Mother
-7.83,-2.40,12.73,220.00,203.00,215.00,132.00,156.00,,Mother
-5.74,-0.90,12.73,225.00,204.00,215.00,132.00,157.00,,Mother
-5.01,-0.29,2.92,223.00,204.00,215.00,132.00,156.00,,Mother
-6.41,-0.30,13.89,223.00,206.00,215.00,131.00,157.00,,Mother
-5.98,-1.19,12.15,223.00,206.00,217.00,131.00,156.00,,Mother
-5.74,-2.11,12.73,223.00,206.00,215.00,131.00,156.00,,Mother
-7.34,-1.46,2.92,223.00,206.00,215.00,131.00,157.00,,Mother
-6.16,-2.77,15.60,223.00,206.00,215.00,131.00,157.00,,Mother
-6.07,-1.82,3.81,223.00,206.00,215.00,131.00,157.00,,Mother
-6.54,-1.55,17.84,223.00,206.00,217.00,131.00,158.00,,Mother
-7.04,-2.44,5.30,225.00,207.00,217.00,130.00,157.00,,Mother
-5.47,-1.52,3.81,225.00,209.00,217.00,129.00,157.00,,Mother
-4.89,-2.44,13.89,225.00,209.00,215.00,129.00,157.00,,Mother
-4.53,-2.11,12.73,225.00,209.00,217.00,128.00,160.00,,Mother
-4.27,-0.85,17.84,227.00,218.00,217.00,128.00,157.00,,Mother
0.00,-5.16,7.97,227.00,222.00,217.00,126.00,155.00,,Mother
0.00,-3.25,2.62,227.00,222.00,217.00,126.00,150.00,,Mother
-0.64,-4.15,8.71,227.00,222.00,218.00,125.00,157.00,,Mother
-1.39,-3.49,5.00,227.00,222.00,217.00,125.00,158.00,,Mother
-2.72,-3.74,12.08,227.00,220.00,217.00,125.00,150.00,,Mother
0.00,-3.68,11.06,228.00,220.00,217.00,125.00,160.00,,Mother
0.33,-3.95,12.66,228.00,220.00,217.00,125.00,163.00,,Mother
0.00,-2.28,2.62,227.00,218.00,217.00,125.00,152.00,,Mother
-0.95,-3.18,5.00,227.00,214.00,217.00,128.00,152.00,,Mother
-3.51,-3.19,8.71,227.00,214.00,217.00,128.00,162.00,,Mother
-1.63,-2.94,7.53,222.00,214.00,215.00,128.00,163.00,,Mother
-2.94,-3.27,7.53,223.00,212.00,215.00,128.00,162.00,,Mother
-1.23,-2.15,5.30,225.00,211.00,215.00,128.00,162.00,,Mother
-0.31,-2.17,15.60,225.00,211.00,215.00,128.00,163.00,,Mother
-1.92,-2.88,8.71,225.00,209.00,215.00,128.00,162.00,,Mother
-4.35,-1.86,7.38,223.00,211.00,217.00,129.00,162.00,,Mother
-4.54,-1.51,12.73,223.00,211.00,215.00,128.00,162.00,,Mother
-3.38,-1.84,5.30,223.00,211.00,217.00,128.00,162.00,,Mother
-3.01,-2.11,2.92,223.00,211.00,217.00,128.00,162.00,,Mother
-4.94,-1.54,15.60,225.00,212.00,217.00,127.00,162.00,,Mother
-5.22,-2.15,5.30,225.00,212.00,217.00,127.00,162.00,,Mother
-4.61,-1.53,5.30,225.00,212.00,217.00,127.00,163.00,,Mother
-4.63,-2.16,15.60,225.00,212.00,217.00,127.00,163.00,,Mother
-3.44,-1.56,17.84,225.00,212.00,215.00,127.00,163.00,,Mother
-3.65,-1.82,3.81,225.00,212.00,215.00,127.00,163.00,,Mother
-3.99,-2.46,5.30,225.00,212.00,217.00,127.00,162.00,,Mother
-4.61,-1.23,5.30,225.00,212.00,215.00,128.00,163.00,,Mother
-3.37,-1.53,13.89,225.00,212.00,215.00,127.00,163.00,,Mother
-3.77,-1.57,10.04,225.00,212.00,215.00,127.00,163.00,,Mother
-2.14,-2.75,13.89,225.00,212.00,215.00,127.00,155.00,,Mother
-0.91,-2.13,3.81,225.00,212.00,215.00,127.00,163.00,,Mother
-0.63,-1.90,20.11,225.00,212.00,215.00,127.00,164.00,,Mother
-0.95,-1.58,20.11,225.00,211.00,215.00,127.00,164.00,,Mother
-1.20,0.00,12.15,225.00,211.00,215.00,127.00,163.00,,Mother
-0.31,-1.86,15.60,225.00,211.00,215.00,127.00,163.00,,Mother
0.00,-2.17,15.60,217.00,212.00,215.00,127.00,155.00,,Mother
-3.63,-2.72,12.73,225.00,215.00,215.00,126.00,154.00,,Mother
-5.48,-2.90,16.80,227.00,215.00,217.00,126.00,162.00,,Mother
-1.90,-1.58,20.11,227.00,214.00,215.00,126.00,161.00,,Mother
-2.89,-2.89,12.66,227.00,214.00,215.00,126.00,162.00,,Mother
-1.89,-3.79,20.11,227.00,214.00,215.00,126.00,159.00,,Mother
-0.63,-2.53,20.11,227.00,214.00,215.00,126.00,163.00,,Mother
-3.20,-2.24,8.71,223.00,215.00,217.00,126.00,163.00,,Mother
-2.56,-2.56,8.71,225.00,214.00,215.00,126.00,164.00,,Mother
-2.56,-3.19,8.71,225.00,214.00,215.00,126.00,164.00,,Mother
-1.88,-3.46,10.04,225.00,214.00,215.00,126.00,159.00,,Mother
0.00,-3.03,17.21,227.00,214.00,217.00,126.00,165.00,,Mother
-0.95,-1.58,20.11,227.00,214.00,215.00,126.00,164.00,,Mother
0.00,-2.86,5.00,225.00,214.00,215.00,127.00,158.00,,Mother
0.30,-1.52,3.81,225.00,214.00,215.00,127.00,164.00,,Mother
-2.77,-1.85,5.30,225.00,215.00,215.00,126.00,159.00,,Mother
0.32,-1.90,20.11,225.00,215.00,215.00,126.00,164.00,,Mother
0.00,-2.54,5.00,227.00,215.00,215.00,126.00,164.00,,Mother
0.00,-3.20,8.71,227.00,215.00,215.00,126.00,164.00,,Mother
-1.95,-1.63,2.62,227.00,215.00,215.00,126.00,163.00,,Mother
0.00,-2.83,10.04,227.00,215.00,214.00,126.00,163.00,,Mother
-0.32,-2.23,5.00,225.00,215.00,214.00,126.00,163.00,,Mother
0.00,-3.22,12.66,225.00,214.00,214.00,126.00,157.00,,Mother
-0.96,-1.28,8.71,225.00,214.00,214.00,126.00,157.00,,Mother
0.00,-3.18,5.00,227.00,214.00,214.00,126.00,162.00,,Mother
0.64,-2.56,8.71,223.00,214.00,214.00,126.00,162.00,,Mother
-0.33,-1.31,7.53,225.00,217.00,214.00,125.00,159.00,,Mother
0.64,-3.20,8.71,225.00,215.00,212.00,125.00,158.00,,Mother
-1.95,-3.90,2.62,225.00,215.00,214.00,126.00,163.00,,Mother
0.32,-2.86,5.00,225.00,215.00,214.00,126.00,163.00,,Mother
0.65,-3.90,2.62,225.00,215.00,214.00,126.00,162.00,,Mother
-0.33,-2.60,2.62,225.00,214.00,214.00,126.00,163.00,,Mother
0.00,-3.81,5.00,225.00,214.00,212.00,127.00,163.00,,Mother
-0.32,-2.53,20.11,225.00,214.00,209.00,127.00,163.00,,Mother
0.00,-2.88,8.71,225.00,214.00,207.00,127.00,163.00,,Mother
-3.70,-3.40,15.60,227.00,218.00,209.00,127.00,149.00,,Mother
-3.21,-2.25,12.66,225.00,217.00,207.00,127.00,158.00,,Mother
-3.81,-2.22,5.00,225.00,215.00,209.00,127.00,155.00,,Mother
-2.54,-2.22,5.00,225.00,214.00,209.00,127.00,158.00,,Mother
-2.86,-1.91,5.00,225.00,214.00,207.00,127.00,159.00,,Mother
-2.27,-2.93,2.62,225.00,214.00,212.00,127.00,158.00,,Mother
-3.25,-1.95,2.62,225.00,214.00,214.00,127.00,159.00,,Mother
-1.58,-1.90,20.11,225.00,214.00,214.00,127.00,158.00,,Mother
-0.64,-3.20,8.71,225.00,214.00,214.00,128.00,158.00,,Mother
-3.09,-2.47,15.60,225.00,214.00,214.00,128.00,157.00,,Mother
-1.57,-1.89,10.04,225.00,214.00,212.00,128.00,159.00,,Mother
-3.49,-2.22,5.00,225.00,214.00,212.00,128.00,159.00,,Mother
-2.56,-2.88,8.71,225.00,214.00,214.00,128.00,159.00,,Mother
-1.92,-2.56,8.71,225.00,214.00,212.00,128.00,160.00,,Mother
-2.24,-2.88,8.71,225.00,212.00,212.00,128.00,161.00,,Mother
-1.90,-2.21,20.11,225.00,212.00,214.00,128.00,161.00,,Mother
-5.07,-2.53,5.00,225.00,214.00,212.00,127.00,161.00,,Mother
-6.52,-1.95,7.53,222.00,214.00,214.00,126.00,163.00,,Mother
-3.40,-3.74,12.08,223.00,214.00,214.00,127.00,163.00,,Mother
-3.21,-3.21,12.66,225.00,215.00,214.00,126.00,161.00,,Mother
1.62,-4.22,2.62,223.00,215.00,214.00,126.00,163.00,,Mother
-0.66,-3.62,12.66,225.00,215.00,214.00,126.00,164.00,,Mother
-0.98,-2.28,2.62,227.00,214.00,214.00,125.00,163.00,,Mother
-0.64,-3.18,5.00,227.00,214.00,214.00,125.00,164.00,,Mother
0.32,-2.89,12.66,227.00,214.00,214.00,126.00,163.00,,Mother
-2.30,-3.61,12.66,225.00,214.00,214.00,126.00,163.00,,Mother
-0.65,-3.25,2.62,225.00,214.00,214.00,129.00,160.00,,Mother
-4.49,-2.25,12.66,225.00,212.00,206.00,129.00,161.00,,Mother
-1.62,-3.23,16.80,225.00,212.00,163.00,129.00,161.00,,Mother
-2.61,-3.92,7.53,223.00,215.00,193.00,129.00,148.00,,Mother
-3.71,-4.05,5.15,217.00,214.00,196.00,128.00,144.00,,Mother
-4.01,-3.34,11.06,222.00,214.00,214.00,128.00,152.00,,Mother
0.00,-4.94,3.22,225.00,214.00,218.00,132.00,126.00,,Mother
-0.35,-2.43,15.67,225.00,214.00,218.00,131.00,114.00,,Mother
-3.06,-3.06,12.08,225.00,215.00,218.00,128.00,130.00,,Mother
-3.58,-5.38,12.23,227.00,215.00,218.00,128.00,124.00,,Mother
-6.39,-4.97,2.62,222.00,215.00,218.00,128.00,143.00,,Mother
-5.97,-5.26,3.22,223.00,215.00,218.00,129.00,145.00,,Mother
-6.00,-5.64,12.23,223.00,215.00,218.00,129.00,147.00,,Mother
-5.15,-4.12,7.97,223.00,215.00,217.00,129.00,147.00,,Mother
-5.55,-5.20,5.00,223.00,215.00,217.00,129.00,142.00,,Mother
-7.51,-3.92,12.23,223.00,215.00,217.00,129.00,140.00,,Mother
-6.62,-4.88,13.38,223.00,214.00,217.00,129.00,139.00,,Mother
-6.11,-5.39,3.22,223.00,214.00,217.00,129.00,146.00,,Mother
-4.71,-5.80,13.38,222.00,214.00,217.00,230.00,138.00,,Mother
-6.85,-4.79,7.97,220.00,214.00,217.00,-30.00,139.00,,Mother
-6.92,-7.69,17.91,220.00,214.00,217.00,158.00,144.00,,Mother
-6.94,-3.81,5.00,220.00,214.00,217.00,140.00,152.00,,Mother
-45.80,43.93,2.62,195.00,99.00,57.00,274.00,184.00,,Yes
-45.63,44.21,2.62,195.00,99.00,58.00,274.00,69.00,,Yes
-5.27,-1.75,3.22,196.00,99.00,49.00,274.00,69.00,,Yes
4.41,-69.25,7.38,199.00,96.00,51.00,271.00,158.00,,Yes
1.93,-67.33,3.81,199.00,96.00,54.00,271.00,180.00,,Yes
2.17,-67.22,13.24,197.00,98.00,55.00,274.00,183.00,,Yes
0.00,-87.40,2.62,197.00,99.00,56.00,274.00,184.00,,Yes
14.92,-46.12,7.38,197.00,99.00,56.00,274.00,185.00,,Yes
28.63,-4.85,7.38,193.00,100.00,55.00,276.00,185.00,,Yes
36.50,-47.59,7.38,193.00,99.00,49.00,274.00,187.00,,Yes
28.85,-54.46,5.00,195.00,98.00,54.00,274.00,187.00,,Yes
26.16,-55.53,7.38,195.00,97.00,55.00,274.00,188.00,,Yes
62.84,-27.15,2.62,195.00,99.00,56.00,276.00,188.00,,Yes
35.66,5.91,3.81,195.00,100.00,57.00,276.00,188.00,,Yes
50.42,0.00,7.38,195.00,100.00,46.00,276.00,188.00,,Yes
64.39,-24.80,2.62,195.00,100.00,50.00,274.00,188.00,,Yes
46.51,-40.69,2.62,187.00,97.00,48.00,271.00,188.00,,Yes
25.35,-56.75,12.08,188.00,99.00,49.00,271.00,188.00,,Yes
17.91,-65.70,2.62,190.00,98.00,55.00,271.00,189.00,,Yes
17.68,-64.57,12.08,192.00,98.00,55.00,269.00,187.00,,Yes
33.94,-49.90,12.08,192.00,99.00,57.00,271.00,188.00,,Yes
65.57,-22.42,2.62,193.00,100.00,58.00,274.00,188.00,,Yes
30.23,9.66,10.04,195.00,100.00,58.00,274.00,189.00,,Yes
17.62,12.65,2.62,197.00,102.00,61.00,271.00,189.00,,Yes
11.63,10.62,19.02,195.00,102.00,60.00,274.00,189.00,,Yes
43.88,6.17,12.66,192.00,100.00,50.00,274.00,189.00,,Yes
66.11,-13.86,2.62,192.00,100.00,51.00,271.00,189.00,,Yes
55.30,-34.12,2.62,192.00,99.00,47.00,269.00,188.00,,Yes
35.28,-48.27,13.24,193.00,100.00,56.00,265.00,185.00,,Yes
23.43,-57.66,2.62,195.00,100.00,57.00,265.00,185.00,,Yes
21.65,-60.33,12.08,195.00,101.00,56.00,271.00,189.00,,Yes
48.70,-38.04,2.62,195.00,102.00,59.00,269.00,184.00,,Yes
59.07,-3.32,13.24,195.00,102.00,63.00,269.00,189.00,,Yes
37.42,7.07,13.24,197.00,102.00,63.00,271.00,189.00,,Yes
30.13,9.24,2.92,196.00,104.00,63.00,269.00,177.00,,Yes
21.31,8.49,3.22,197.00,104.00,64.00,271.00,184.00,,Yes
16.70,8.90,11.06,197.00,104.00,65.00,271.00,190.00,,Yes
37.08,7.61,19.15,196.00,103.00,50.00,271.00,183.00,,Yes
51.83,-36.28,2.62,200.00,104.00,46.00,269.00,183.00,,Yes
25.44,-56.25,2.62,197.00,102.00,53.00,267.00,187.00,,Yes
18.55,-62.65,17.21,199.00,101.00,59.00,263.00,184.00,,Yes
17.00,-64.44,12.08,197.00,102.00,60.00,265.00,178.00,,Yes
30.45,-49.76,2.62,195.00,102.00,60.00,267.00,183.00,,Yes
63.83,-25.78,2.62,195.00,104.00,59.00,269.00,190.00,,Yes
41.43,6.41,5.30,193.00,103.00,64.00,274.00,179.00,,Yes
21.88,10.43,11.06,200.00,106.00,65.00,274.00,185.00,,Yes
29.38,8.06,9.89,193.00,105.00,52.00,271.00,188.00,,Yes
53.92,-34.24,12.08,196.00,105.00,60.00,269.00,187.00,,Yes
23.69,-57.91,2.62,196.00,104.00,57.00,269.00,184.00,,Yes
20.32,-59.68,12.08,197.00,102.00,53.00,267.00,184.00,,Yes
21.11,-59.37,2.62,197.00,104.00,57.00,267.00,187.00,,Yes
23.53,-57.89,7.38,197.00,105.00,61.00,267.00,187.00,,Yes
20.93,-58.74,13.24,185.00,93.00,57.00,263.00,175.00,,Yes
21.63,-59.33,5.00,190.00,92.00,58.00,265.00,181.00,,Yes
21.32,-59.55,12.08,195.00,90.00,60.00,263.00,183.00,,Yes
13.24,-66.35,5.00,199.00,90.00,61.00,265.00,184.00,,Yes
12.09,-68.60,7.97,203.00,91.00,62.00,263.00,183.00,,Yes
13.16,-69.43,5.00,207.00,91.00,63.00,261.00,181.00,,Yes
9.07,-69.59,17.21,203.00,94.00,62.00,263.00,175.00,,Yes
14.59,-64.67,5.00,202.00,94.00,61.00,263.00,189.00,,Yes
18.35,-61.98,7.38,206.00,95.00,63.00,267.00,183.00,,Yes
28.22,-55.84,5.00,206.00,95.00,61.00,267.00,173.00,,Yes
27.61,-55.15,2.62,204.00,95.00,63.00,267.00,188.00,,Yes
39.82,-45.55,7.38,204.00,95.00,62.00,267.00,184.00,,Yes
53.46,-36.05,2.62,207.00,97.00,61.00,267.00,187.00,,Yes
65.31,-22.37,2.62,207.00,97.00,63.00,267.00,185.00,,Yes
61.43,-11.75,12.08,206.00,96.00,63.00,269.00,174.00,,Yes
47.91,-1.18,3.22,206.00,98.00,63.00,269.00,192.00,,Yes
47.07,4.20,5.00,206.00,99.00,62.00,269.00,185.00,,Yes
38.87,6.39,2.92,207.00,98.00,63.00,269.00,174.00,,Yes
65.61,-9.36,5.00,209.00,97.00,60.00,265.00,190.00,,Yes
56.16,-32.40,12.08,207.00,97.00,48.00,267.00,184.00,,Yes
35.08,-48.89,7.38,203.00,95.00,46.00,267.00,184.00,,Yes
18.90,-63.10,3.22,207.00,96.00,55.00,267.00,187.00,,Yes
15.67,-67.98,5.00,209.00,93.00,58.00,265.00,187.00,,Yes
12.68,-74.08,3.81,196.00,98.00,51.00,261.00,180.00,,Yes
12.60,-74.31,3.81,200.00,100.00,59.00,257.00,180.00,,Yes
11.56,-74.70,2.62,200.00,100.00,60.00,257.00,180.00,,Yes
11.71,-74.93,2.62,202.00,100.00,60.00,257.00,187.00,,Yes
14.65,-73.10,3.81,200.00,99.00,60.00,257.00,184.00,,Yes
12.59,-73.74,7.38,200.00,99.00,58.00,255.00,179.00,,Yes
8.79,-75.15,5.00,202.00,100.00,59.00,255.00,179.00,,Yes
10.05,-74.35,5.00,202.00,100.00,60.00,257.00,171.00,,Yes
10.28,-74.58,3.81,202.00,100.00,61.00,255.00,179.00,,Yes
10.03,-74.66,2.62,200.00,100.00,60.00,255.00,183.00,,Yes
16.62,-65.80,12.08,203.00,101.00,61.00,259.00,187.00,,Yes
16.41,-64.50,7.97,202.00,103.00,61.00,255.00,183.00,,Yes
16.14,-64.47,7.97,203.00,102.00,61.00,255.00,184.00,,Yes
16.75,-63.98,5.00,203.00,102.00,60.00,259.00,181.00,,Yes
16.39,-64.34,5.00,203.00,102.00,60.00,259.00,180.00,,Yes
17.02,-64.01,5.00,204.00,102.00,60.00,261.00,181.00,,Yes
25.49,-56.31,13.24,203.00,103.00,60.00,261.00,183.00,,Yes
25.52,-55.53,17.21,204.00,103.00,60.00,261.00,180.00,,Yes
25.25,-57.95,3.81,202.00,100.00,59.00,265.00,183.00,,Yes
31.31,-52.17,3.81,200.00,102.00,60.00,265.00,183.00,,Yes
35.51,-49.37,12.08,203.00,100.00,61.00,265.00,183.00,,Yes
45.94,-39.09,2.62,200.00,102.00,62.00,265.00,183.00,,Yes
57.72,-2.39,13.24,199.00,102.00,64.00,267.00,184.00,,Yes
65.43,-17.43,2.62,199.00,102.00,63.00,267.00,181.00,,Yes
66.08,-20.29,2.62,200.00,104.00,63.00,265.00,178.00,,Yes
52.90,-35.57,12.08,200.00,104.00,60.00,265.00,175.00,,Yes
35.79,-48.86,12.08,199.00,104.00,62.00,265.00,177.00,,Yes
24.38,-55.64,17.21,197.00,101.00,49.00,265.00,174.00,,Yes
17.44,-63.49,17.21,197.00,102.00,58.00,265.00,173.00,,Yes
18.31,-63.62,5.00,200.00,100.00,58.00,265.00,174.00,,Yes
19.41,-62.55,12.08,197.00,101.00,59.00,267.00,173.00,,Yes
19.06,-63.37,3.22,199.00,102.00,60.00,265.00,173.00,,Yes
17.76,-64.61,12.08,199.00,103.00,60.00,265.00,175.00,,Yes
18.68,-63.94,7.97,199.00,102.00,60.00,265.00,178.00,,Yes
18.30,-64.65,12.08,199.00,102.00,61.00,265.00,180.00,,Yes
13.96,-69.59,2.62,199.00,102.00,59.00,265.00,181.00,,Yes
12.88,-70.63,12.08,200.00,98.00,54.00,261.00,183.00,,Yes
10.76,-74.68,13.24,202.00,99.00,63.00,261.00,181.00,,Yes
16.94,-65.67,5.00,203.00,100.00,63.00,265.00,180.00,,Yes
17.59,-61.19,12.66,196.00,92.00,57.00,281.00,184.00,,Yes
10.17,-69.72,12.08,181.00,94.00,57.00,269.00,175.00,,Yes
7.94,-72.96,12.66,192.00,95.00,59.00,269.00,175.00,,Yes
8.32,-76.75,13.24,188.00,96.00,58.00,257.00,174.00,,Yes
8.90,-77.82,7.38,189.00,97.00,59.00,257.00,179.00,,Yes
8.47,-79.06,5.00,192.00,98.00,59.00,257.00,179.00,,Yes
9.48,-76.66,3.81,196.00,101.00,61.00,259.00,180.00,,Yes
36.46,-47.23,3.81,197.00,102.00,63.00,265.00,184.00,,Yes
65.82,-16.30,12.08,192.00,107.00,64.00,267.00,184.00,,Yes
28.99,-55.78,2.62,197.00,102.00,57.00,263.00,181.00,,Yes
11.31,-73.36,5.00,197.00,104.00,53.00,257.00,179.00,,Yes
12.56,-73.89,3.81,196.00,102.00,51.00,255.00,178.00,,Yes
9.28,-76.05,2.62,199.00,104.00,58.00,251.00,178.00,,Yes
12.44,-74.66,3.81,197.00,105.00,61.00,252.00,179.00,,Yes
10.94,-75.80,7.38,196.00,105.00,61.00,255.00,180.00,,Yes
12.30,-74.65,2.62,199.00,106.00,61.00,255.00,180.00,,Yes
10.53,-76.16,7.38,199.00,106.00,63.00,259.00,183.00,,Yes
9.66,-75.52,3.81,203.00,107.00,64.00,257.00,184.00,,Yes
7.23,-78.89,13.24,203.00,107.00,64.00,261.00,185.00,,Yes
7.57,-77.86,2.62,204.00,107.00,61.00,269.00,189.00,,Yes
7.99,-77.51,2.62,202.00,106.00,61.00,269.00,190.00,,Yes
8.28,-77.09,3.81,203.00,105.00,60.00,269.00,189.00,,Yes
8.57,-76.27,7.38,204.00,106.00,61.00,267.00,189.00,,Yes
8.41,-76.63,2.62,218.00,105.00,60.00,271.00,189.00,,Yes
9.16,-76.08,2.62,206.00,104.00,60.00,269.00,190.00,,Yes
9.62,-75.83,2.62,203.00,106.00,60.00,269.00,192.00,,Yes
9.15,-76.49,3.81,204.00,105.00,59.00,267.00,192.00,,Yes
8.34,-76.19,2.62,207.00,106.00,60.00,265.00,190.00,,Yes
9.10,-76.46,13.24,211.00,106.00,60.00,265.00,189.00,,Yes
9.16,-75.97,7.38,206.00,104.00,59.00,263.00,188.00,,Yes
8.97,-76.77,3.81,204.00,106.00,59.00,263.00,183.00,,Yes
9.37,-76.81,3.81,204.00,102.00,49.00,263.00,184.00,,Yes
8.40,-79.14,2.62,204.00,105.00,58.00,261.00,181.00,,Yes
8.40,-76.00,7.38,196.00,102.00,61.00,259.00,180.00,,Yes
11.97,-72.54,12.08,195.00,99.00,61.00,257.00,180.00,,Yes
12.47,-71.94,17.21,197.00,96.00,60.00,252.00,179.00,,Yes
11.35,-73.29,3.22,199.00,96.00,62.00,259.00,178.00,,Yes
11.47,-69.92,12.08,172.00,109.00,62.00,263.00,180.00,,Yes
13.71,-69.64,2.62,206.00,111.00,63.00,263.00,178.00,,Yes
14.08,-72.08,7.38,206.00,114.00,63.00,257.00,170.00,,Yes
16.85,-70.69,2.62,204.00,111.00,61.00,261.00,179.00,,Yes
17.21,-70.52,13.24,204.00,112.00,62.00,259.00,178.00,,Yes
19.27,-68.94,7.38,211.00,114.00,62.00,257.00,178.00,,Yes
19.40,-69.20,5.00,195.00,111.00,61.00,259.00,180.00,,Yes
19.15,-69.66,12.08,199.00,109.00,56.00,263.00,183.00,,Yes
13.05,-75.71,12.08,196.00,115.00,61.00,257.00,175.00,,Yes
16.22,-67.41,12.08,212.00,116.00,62.00,261.00,181.00,,Yes
20.61,-61.37,12.66,227.00,118.00,62.00,257.00,180.00,,Yes
23.03,-59.68,17.21,225.00,111.00,57.00,267.00,184.00,,Yes
21.92,-60.90,12.08,222.00,113.00,59.00,265.00,184.00,,Yes
25.54,-58.64,12.66,223.00,115.00,61.00,265.00,184.00,,Yes
20.50,-59.36,5.00,243.00,117.00,61.00,257.00,180.00,,Yes
32.95,-52.00,2.62,225.00,118.00,63.00,257.00,180.00,,Yes
70.80,-18.11,2.62,206.00,114.00,53.00,257.00,180.00,,Yes
22.63,10.16,12.37,183.00,110.00,60.00,259.00,129.00,,Yes
12.30,2.03,3.81,177.00,109.00,57.00,263.00,165.00,,Yes
6.74,9.11,2.62,185.00,108.00,59.00,265.00,178.00,,Yes
0.81,6.19,13.24,214.00,109.00,60.00,265.00,181.00,,Yes
1.85,8.04,7.38,212.00,109.00,57.00,265.00,183.00,,Yes
2.11,6.93,12.73,218.00,109.00,58.00,267.00,183.00,,Yes
2.49,8.12,10.04,217.00,109.00,57.00,267.00,183.00,,Yes
4.20,8.43,7.53,220.00,109.00,57.00,267.00,184.00,,Yes
0.39,7.52,2.62,215.00,109.00,59.00,269.00,185.00,,Yes
5.26,11.54,19.15,206.00,110.00,61.00,269.00,184.00,,Yes
-2.89,9.11,14.53,206.00,111.00,61.00,269.00,185.00,,Yes
3.43,5.50,7.97,202.00,111.00,62.00,274.00,192.00,,Yes
3.87,3.87,4.48,202.00,113.00,56.00,271.00,193.00,,Yes
5.68,3.40,4.48,202.00,113.00,56.00,271.00,195.00,,Yes
2.88,2.22,2.77,200.00,113.00,54.00,276.00,200.00,,Yes
2.28,3.64,4.48,202.00,112.00,54.00,274.00,192.00,,Yes
4.75,7.27,20.58,203.00,112.00,56.00,269.00,185.00,,Yes
5.56,6.95,13.24,202.00,111.00,54.00,269.00,181.00,,Yes
5.23,7.56,12.73,200.00,111.00,55.00,269.00,170.00,,Yes
3.89,7.25,13.24,202.00,112.00,54.00,269.00,175.00,,Yes
4.12,6.60,9.82,203.00,112.00,55.00,269.00,184.00,,Yes
20.21,5.95,7.38,200.00,106.00,45.00,274.00,187.00,,Yes
17.32,10.59,19.15,199.00,107.00,42.00,274.00,184.00,,Yes
23.16,9.79,17.21,200.00,106.00,40.00,271.00,188.00,,Yes
41.11,-3.08,2.62,202.00,109.00,38.00,267.00,192.00,,Yes
50.90,-19.43,7.38,197.00,109.00,43.00,267.00,190.00,,Yes
55.06,-31.65,2.62,200.00,111.00,38.00,265.00,195.00,,Yes
36.86,-50.99,2.62,200.00,108.00,42.00,267.00,193.00,,Yes
24.48,-55.97,3.81,200.00,107.00,48.00,265.00,184.00,,Yes
16.06,-61.59,5.00,203.00,106.00,49.00,261.00,183.00,,Yes
17.71,-63.51,5.00,203.00,107.00,48.00,261.00,178.00,,Yes
-8.32,14.14,13.24,214.00,173.00,146.00,-30.00,73.00,,No
2.95,3.53,2.92,212.00,185.00,86.00,261.00,73.00,,No
-6.02,-5.27,5.15,215.00,177.00,160.00,263.00,82.00,,No
-3.76,1.13,12.08,215.00,188.00,164.00,-30.00,69.00,,No
-9.16,-2.19,15.67,209.00,180.00,156.00,-30.00,70.00,,No
-9.98,-21.46,2.92,196.00,152.00,174.00,-30.00,60.00,,No
-7.76,-19.13,2.92,192.00,211.00,152.00,245.00,78.00,,No
-5.81,-22.01,10.04,206.00,145.00,142.00,257.00,73.00,,No
-6.01,-23.46,12.66,206.00,147.00,172.00,259.00,75.00,,No
-5.87,-17.32,13.24,209.00,203.00,167.00,261.00,75.00,,No
-5.58,-14.34,14.67,200.00,141.00,177.00,259.00,77.00,,No
-8.48,-20.72,3.81,203.00,145.00,154.00,257.00,74.00,,No
-10.30,-22.80,10.04,204.00,147.00,153.00,255.00,76.00,,No
-9.26,-23.11,5.00,204.00,149.00,153.00,263.00,70.00,,No
-7.01,-24.01,12.66,202.00,195.00,167.00,249.00,79.00,,No
-14.71,-34.67,7.97,209.00,164.00,184.00,257.00,79.00,,No
-10.55,-27.90,17.21,203.00,209.00,171.00,249.00,78.00,,No
-6.06,-21.98,2.62,204.00,154.00,154.00,252.00,82.00,,No
-9.00,-30.75,3.22,204.00,158.00,152.00,249.00,83.00,,No
-10.71,-31.65,12.08,203.00,163.00,153.00,249.00,76.00,,No
-2.94,-12.35,3.81,207.00,209.00,116.00,-30.00,77.00,,No
-0.51,-17.78,13.24,212.00,185.00,171.00,247.00,82.00,,No
-4.80,-17.86,13.24,206.00,151.00,144.00,249.00,81.00,,No
-3.86,-19.09,3.81,206.00,153.00,152.00,249.00,83.00,,No
-2.33,-22.11,10.04,212.00,165.00,158.00,245.00,81.00,,No
0.00,-25.02,5.00,214.00,178.00,170.00,241.00,83.00,,No
-1.20,-22.80,2.62,204.00,160.00,166.00,243.00,78.00,,No
-7.56,-24.51,12.66,211.00,209.00,166.00,241.00,86.00,,No
-7.06,-19.32,5.30,211.00,207.00,171.00,241.00,85.00,,No
-6.21,-21.35,3.81,211.00,207.00,171.00,241.00,84.00,,No
-5.59,-18.17,2.92,212.00,204.00,173.00,239.00,79.00,,No
-5.56,-15.31,14.67,212.00,203.00,175.00,245.00,81.00,,No
-5.90,-13.37,12.37,214.00,204.00,177.00,245.00,77.00,,No
-5.39,-14.33,12.37,212.00,203.00,177.00,245.00,80.00,,No
-3.86,-11.66,7.38,212.00,156.00,168.00,249.00,81.00,,No
-5.35,-11.74,14.67,211.00,142.00,164.00,251.00,79.00,,No
-3.81,-11.00,13.24,212.00,145.00,163.00,251.00,78.00,,No
-6.59,-14.31,14.67,212.00,148.00,163.00,249.00,80.00,,No
-6.18,-15.07,19.15,212.00,149.00,164.00,249.00,81.00,,No
-4.01,-13.64,12.37,212.00,149.00,163.00,249.00,80.00,,No
-5.03,-14.22,3.81,211.00,195.00,173.00,243.00,82.00,,No
-6.64,-17.96,3.81,214.00,203.00,174.00,243.00,81.00,,No
-4.94,-17.84,5.30,214.00,199.00,173.00,239.00,81.00,,No
-7.89,-13.90,2.62,211.00,148.00,165.00,245.00,80.00,,No
-8.66,-14.37,7.38,209.00,153.00,165.00,243.00,80.00,,No
-4.15,-15.76,13.24,212.00,204.00,118.00,241.00,84.00,,No
-4.97,-18.54,3.81,212.00,203.00,120.00,239.00,84.00,,No
-5.42,-18.18,7.38,211.00,204.00,121.00,237.00,83.00,,No
-9.13,-22.14,7.38,214.00,203.00,123.00,237.00,83.00,,No
-7.82,-21.07,2.92,214.00,203.00,125.00,237.00,86.00,,No
-6.76,-18.30,2.62,211.00,137.00,164.00,243.00,84.00,,No
-7.44,-16.10,16.94,211.00,144.00,165.00,243.00,84.00,,No
-5.36,-16.83,13.24,212.00,147.00,164.00,241.00,84.00,,No
-9.04,-17.20,13.24,212.00,150.00,164.00,241.00,83.00,,No
-7.66,-19.47,3.81,214.00,152.00,166.00,241.00,85.00,,No
-3.85,-17.87,5.30,212.00,152.00,164.00,241.00,85.00,,No
-10.88,-19.29,3.81,212.00,200.00,128.00,237.00,83.00,,No
-8.77,-15.61,13.24,214.00,199.00,132.00,235.00,84.00,,No
0.00,-17.76,16.94,215.00,199.00,175.00,239.00,84.00,,No
-6.13,-5.31,20.11,207.00,144.00,166.00,247.00,83.00,,No
-5.35,-7.59,2.92,209.00,155.00,163.00,243.00,85.00,,No
-10.38,-13.55,13.24,212.00,204.00,119.00,235.00,84.00,,No
-14.51,-12.98,14.67,207.00,145.00,165.00,241.00,83.00,,No
-16.04,-10.77,7.38,203.00,153.00,158.00,241.00,77.00,,No
-15.78,-12.94,19.15,204.00,154.00,159.00,241.00,77.00,,No
-14.43,-16.55,2.62,202.00,156.00,159.00,239.00,78.00,,No
-18.17,-15.71,12.37,204.00,154.00,159.00,239.00,141.00,,No
-18.93,-22.91,5.30,209.00,204.00,116.00,234.00,83.00,,No
-20.60,-23.55,12.66,209.00,207.00,117.00,234.00,84.00,,No
-19.10,-26.50,12.08,211.00,204.00,122.00,239.00,84.00,,No
-17.65,-29.93,7.97,211.00,204.00,123.00,243.00,84.00,,No
-17.94,-27.19,12.08,211.00,173.00,166.00,239.00,83.00,,No
-16.53,-18.13,13.24,207.00,154.00,164.00,245.00,83.00,,No
-4.80,-16.18,16.94,202.00,165.00,178.00,243.00,83.00,,No
-3.62,-32.44,2.62,211.00,204.00,128.00,235.00,82.00,,No
-1.18,-23.66,12.66,212.00,202.00,134.00,234.00,84.00,,No
1.44,-12.06,19.15,211.00,140.00,166.00,243.00,83.00,,No
1.20,-4.40,16.80,212.00,203.00,103.00,235.00,84.00,,No
2.08,-15.79,13.24,212.00,209.00,110.00,230.00,84.00,,No
2.65,-15.56,2.62,214.00,190.00,109.00,232.00,83.00,,No
1.17,-3.92,12.66,211.00,145.00,149.00,239.00,81.00,,No
1.36,-7.74,5.30,203.00,143.00,151.00,239.00,81.00,,No
1.80,-9.01,3.81,212.00,202.00,138.00,252.00,78.00,,No
0.00,-11.31,14.67,212.00,203.00,141.00,247.00,74.00,,No
1.47,-12.84,3.81,211.00,203.00,147.00,245.00,77.00,,No
-1.02,-13.41,14.67,214.00,202.00,145.00,245.00,75.00,,No
-2.99,-12.57,2.62,211.00,200.00,148.00,245.00,75.00,,No
0.98,-13.32,3.81,214.00,185.00,143.00,243.00,80.00,,No
2.39,-10.08,13.24,214.00,190.00,140.00,243.00,80.00,,No
1.33,-6.68,2.62,218.00,190.00,133.00,237.00,83.00,,No
1.97,-4.73,7.53,218.00,192.00,143.00,237.00,81.00,,No
1.80,-7.68,3.81,212.00,196.00,143.00,237.00,82.00,,No
1.16,-4.63,5.00,207.00,152.00,143.00,247.00,70.00,,No
0.76,-3.79,5.15,207.00,154.00,141.00,247.00,72.00,,No
-0.81,-5.27,8.71,209.00,168.00,146.00,243.00,78.00,,No
5.04,-24.20,5.30,211.00,206.00,97.00,235.00,82.00,,No
1.64,-17.74,7.38,211.00,141.00,121.00,241.00,80.00,,No
1.46,-11.78,14.67,207.00,145.00,120.00,239.00,80.00,,No
-0.93,-9.77,13.24,204.00,147.00,118.00,239.00,82.00,,No
0.00,-13.55,2.62,204.00,150.00,118.00,237.00,82.00,,No
-0.53,-14.42,7.68,204.00,150.00,128.00,237.00,83.00,,No
1.96,-12.36,3.81,212.00,204.00,100.00,230.00,81.00,,No
4.60,-20.55,5.30,215.00,202.00,111.00,234.00,80.00,,No
2.87,-21.13,5.30,215.00,200.00,111.00,234.00,81.00,,No
0.00,-13.54,7.38,204.00,149.00,136.00,241.00,77.00,,No
0.00,-8.44,2.62,204.00,154.00,132.00,241.00,73.00,,No
6.22,-5.80,14.53,204.00,156.00,129.00,239.00,77.00,,No
1.70,-6.81,7.97,207.00,157.00,132.00,239.00,73.00,,No
3.13,-7.61,2.92,206.00,159.00,132.00,239.00,73.00,,No
0.42,-5.83,14.53,206.00,156.00,133.00,241.00,73.00,,No
5.83,-6.22,12.66,206.00,159.00,130.00,239.00,73.00,,No
1.72,-7.34,5.00,206.00,158.00,96.00,237.00,75.00,,No
1.25,-6.25,14.53,202.00,155.00,128.00,239.00,77.00,,No
-8.71,-21.32,10.04,197.00,157.00,175.00,239.00,80.00,,No
-1.13,-20.75,2.92,207.00,197.00,124.00,230.00,83.00,,No
-0.53,-16.24,16.94,209.00,200.00,128.00,243.00,80.00,,No
-3.36,-7.58,9.89,200.00,152.00,142.00,245.00,65.00,,No
-4.02,-7.61,2.92,197.00,149.00,134.00,247.00,61.00,,No
7.92,-7.92,16.94,200.00,209.00,110.00,234.00,82.00,,No
6.46,-1.43,12.23,211.00,202.00,113.00,235.00,83.00,,No
2.25,-2.57,12.66,212.00,196.00,101.00,251.00,75.00,,No
9.06,-5.48,16.94,202.00,156.00,77.00,251.00,64.00,,No
7.26,0.84,13.24,212.00,195.00,111.00,239.00,81.00,,No
-1.95,1.95,16.94,200.00,148.00,90.00,247.00,65.00,,No
-4.10,-4.47,19.02,209.00,154.00,85.00,249.00,60.00,,No
3.30,0.00,12.15,209.00,162.00,48.00,245.00,70.00,,No
5.01,-1.00,11.06,204.00,149.00,63.00,243.00,70.00,,No
2.25,-0.32,12.66,206.00,153.00,69.00,241.00,74.00,,No
5.25,-1.31,12.66,206.00,154.00,61.00,241.00,74.00,,No
6.57,-1.72,15.67,206.00,155.00,53.00,243.00,73.00,,No
4.37,-1.68,17.21,207.00,156.00,52.00,241.00,73.00,,No
5.05,-1.58,20.11,206.00,157.00,63.00,241.00,74.00,,No
2.43,-1.73,15.67,211.00,171.00,102.00,237.00,78.00,,No
0.89,-8.00,2.62,209.00,158.00,118.00,245.00,60.00,,No
1.60,-5.19,16.80,215.00,181.00,157.00,239.00,71.00,,No
3.85,-6.42,6.34,217.00,181.00,158.00,237.00,74.00,,No
1.21,-4.86,8.71,217.00,183.00,157.00,237.00,72.00,,No
1.28,-7.28,6.34,218.00,183.00,153.00,237.00,73.00,,No
4.50,-6.14,20.11,218.00,183.00,157.00,235.00,71.00,,No
4.29,-7.74,5.00,218.00,184.00,152.00,237.00,72.00,,No
11.46,-7.61,5.00,220.00,184.00,152.00,237.00,75.00,,No
3.65,-8.69,7.38,207.00,200.00,122.00,241.00,78.00,,No
2.49,0.00,7.38,212.00,150.00,98.00,241.00,66.00,,No
14.54,-12.50,14.67,217.00,209.00,115.00,303.00,79.00,,No
3.81,-2.42,15.67,207.00,141.00,127.00,237.00,71.00,,No
4.82,-2.96,7.97,209.00,146.00,125.00,235.00,72.00,,No
4.11,-2.61,19.02,212.00,206.00,107.00,230.00,79.00,,No
1.41,-2.47,3.22,211.00,155.00,60.00,235.00,69.00,,No
8.22,-9.14,10.04,204.00,162.00,85.00,234.00,70.00,,No
5.47,-18.35,5.30,214.00,207.00,105.00,232.00,78.00,,No
6.49,-4.20,11.06,199.00,141.00,133.00,235.00,76.00,,No
1.62,-4.86,8.71,207.00,204.00,95.00,225.00,77.00,,No
4.82,-28.88,7.97,207.00,138.00,143.00,230.00,80.00,,No
5.71,-10.51,13.24,196.00,152.00,138.00,230.00,78.00,,No
8.32,-24.41,12.66,202.00,154.00,140.00,228.00,78.00,,No
10.31,-26.91,7.97,204.00,155.00,140.00,227.00,78.00,,No
16.48,-26.19,3.22,209.00,171.00,131.00,243.00,78.00,,No
12.21,-36.16,5.00,214.00,196.00,110.00,259.00,80.00,,No
18.55,-31.57,7.97,211.00,144.00,150.00,252.00,80.00,,No
15.90,-15.39,7.38,211.00,202.00,116.00,237.00,81.00,,No
16.40,-21.93,2.92,206.00,146.00,124.00,247.00,76.00,,No
17.73,-17.22,19.15,207.00,146.00,131.00,245.00,76.00,,No
17.93,-18.46,13.24,209.00,149.00,114.00,243.00,73.00,,No
20.72,-21.28,2.92,209.00,147.00,105.00,243.00,78.00,,No
18.40,-23.86,12.66,211.00,150.00,119.00,243.00,75.00,,No
13.91,-7.54,5.00,212.00,162.00,80.00,241.00,79.00,,No
14.13,-23.37,12.66,212.00,196.00,105.00,232.00,81.00,,No
13.57,-6.54,2.62,202.00,152.00,86.00,243.00,70.00,,No
15.65,-8.57,7.97,212.00,185.00,102.00,239.00,72.00,,No
17.86,-15.87,3.81,214.00,200.00,107.00,234.00,79.00,,No
20.07,-14.19,12.37,206.00,137.00,88.00,239.00,75.00,,No
15.62,-5.27,12.66,206.00,145.00,87.00,241.00,72.00,,No
15.18,-4.13,17.91,214.00,197.00,97.00,232.00,81.00,,No
21.10,-14.21,3.81,215.00,192.00,98.00,232.00,81.00,,No
12.73,-5.53,8.71,202.00,138.00,103.00,239.00,80.00,,No
13.49,-6.12,7.53,197.00,149.00,102.00,237.00,79.00,,No
13.44,-5.19,17.21,199.00,148.00,88.00,239.00,79.00,,No
12.84,-5.80,2.62,202.00,148.00,75.00,237.00,79.00,,No
13.11,-5.52,8.71,200.00,149.00,66.00,237.00,77.00,,No
13.18,-6.35,5.00,202.00,148.00,76.00,239.00,75.00,,No
15.94,-6.70,20.11,203.00,150.00,81.00,237.00,78.00,,No
13.33,-5.67,17.91,202.00,149.00,81.00,239.00,74.00,,No
14.80,-5.79,16.80,200.00,152.00,104.00,239.00,75.00,,No
8.38,-5.86,9.89,199.00,159.00,72.00,237.00,78.00,,No
11.78,-7.54,6.34,199.00,159.00,77.00,237.00,78.00,,No
10.36,-5.73,17.91,214.00,200.00,97.00,234.00,79.00,,No
16.81,-5.28,7.53,206.00,141.00,88.00,239.00,80.00,,No
14.60,-7.24,14.53,203.00,148.00,90.00,239.00,79.00,,No
20.04,-11.96,14.67,202.00,154.00,148.00,239.00,78.00,,No
13.44,-11.09,7.68,206.00,203.00,114.00,234.00,78.00,,No
15.88,-5.10,5.00,204.00,155.00,111.00,252.00,65.00,,No
15.22,-13.76,3.81,211.00,204.00,110.00,247.00,73.00,,No
13.17,-11.74,19.15,212.00,155.00,143.00,249.00,71.00,,No
13.10,-9.57,2.92,207.00,151.00,92.00,251.00,72.00,,No
15.51,-10.12,7.38,203.00,153.00,101.00,252.00,71.00,,No
15.67,-11.58,13.24,202.00,154.00,102.00,251.00,72.00,,No
15.64,-16.16,13.24,196.00,157.00,69.00,249.00,71.00,,No
11.90,-11.90,7.38,206.00,196.00,100.00,241.00,73.00,,No
14.65,-14.16,12.37,212.00,197.00,127.00,235.00,78.00,,No
